Datum;Tid (UTC);barkakra temperature;barkakra wind;barkakra wind #2;barkakra pressure;gothenburg temperature;gothenburg wind;gothenburg wind #2;gothenburg pressure;jonkoping temperature;jonkoping wind;jonkoping wind #2;jonkoping pressure;vaderoarna temperature;vaderoarna wind;vaderoarna wind #2;vaderoarna pressure;vinga temperature;vinga wind;vinga wind #2;vinga pressure
2018-10-01;00:00:00;8.1;130;1.0;1009.8;10.5;246;4.4;1007.6;5.5;210;3.0;1008.2;10.8;271;9.7;1005.1;11.0;246;9.5;1007.6
2018-10-01;01:00:00;7.7;0;0.0;1009.5;10.2;249;3.6;1007.2;5.5;220;3.0;1007.7;10.7;270;8.7;1005.0;10.9;257;7.4;1007.1
2018-10-01;02:00:00;6.7;0;0.0;1009.4;10.2;250;2.7;1006.9;5.4;220;3.0;1007.7;10.7;265;8.0;1004.8;11.1;261;6.9;1006.9
2018-10-01;03:00:00;5.0;70;1.0;1009.1;10.0;231;1.5;1006.5;5.2;220;3.0;1007.5;10.5;263;6.7;1004.8;10.6;246;9.0;1006.6
2018-10-01;04:00:00;5.5;110;1.0;1008.8;9.9;214;2.5;1006.4;4.9;230;3.0;1007.1;10.3;259;5.0;1004.6;10.5;248;8.7;1006.3
2018-10-01;05:00:00;5.2;100;1.0;1008.8;9.5;233;3.4;1006.4;5.2;230;3.0;1007.3;10.2;256;4.8;1004.6;10.4;245;7.5;1006.3
2018-10-01;06:00:00;4.8;120;1.0;1008.8;9.7;217;2.2;1006.6;5.6;210;3.0;1007.4;10.3;268;5.3;1004.9;10.5;246;7.6;1006.5
2018-10-01;07:00:00;6.2;120;1.0;1009.1;10.5;229;2.5;1006.6;6.0;200;4.0;1007.5;10.6;255;4.5;1005.2;10.7;241;7.9;1006.4
2018-10-01;08:00:00;9.0;180;3.0;1009.2;10.9;235;2.9;1006.9;7.6;220;4.0;1007.6;10.9;283;3.0;1005.7;10.8;241;7.6;1006.7
2018-10-01;09:00:00;9.0;200;4.0;1009.4;11.0;237;3.0;1007.1;9.6;230;4.0;1007.4;11.7;264;1.5;1006.2;11.4;247;6.4;1007.1
2018-10-01;10:00:00;12.0;240;4.0;1009.0;10.7;202;3.2;1007.0;9.8;250;4.0;1007.4;12.3;242;1.2;1006.4;12.1;239;6.1;1007.0
2018-10-01;11:00:00;10.9;260;3.0;1009.2;11.5;240;3.6;1007.2;10.3;250;5.0;1007.3;10.5;338;3.6;1006.7;11.2;231;6.0;1007.2
2018-10-01;12:00:00;11.3;270;5.0;1009.0;10.2;198;1.8;1007.6;11.0;250;5.0;1007.3;10.7;336;4.3;1007.0;12.7;276;4.3;1007.3
2018-10-01;13:00:00;11.5;270;5.0;1009.0;8.9;87;1.9;1007.9;11.1;240;3.0;1007.2;10.7;339;5.1;1007.0;11.4;326;4.5;1007.5
2018-10-01;14:00:00;11.7;260;5.0;1009.0;9.7;80;1.7;1007.8;8.4;280;2.0;1007.8;11.1;351;4.9;1007.2;12.1;340;2.7;1007.6
2018-10-01;15:00:00;10.5;280;4.0;1009.1;10.7;127;1.2;1007.8;8.9;240;3.0;1007.7;11.5;340;5.9;1007.2;11.3;134;1.2;1007.9
2018-10-01;16:00:00;10.1;240;4.0;1009.3;10.6;85;1.1;1008.2;8.8;0;0.0;1007.8;11.9;345;5.6;1007.5;11.4;308;2.9;1008.1
2018-10-01;17:00:00;9.4;260;1.0;1009.5;9.5;106;0.8;1008.4;5.2;250;1.0;1008.3;12.0;354;4.9;1007.8;10.6;318;3.1;1008.3
2018-10-01;18:00:00;6.4;120;2.0;1009.8;8.1;53;0.7;1008.8;3.4;240;1.0;1008.9;11.9;13;5.3;1008.2;10.7;340;2.3;1008.7
2018-10-01;19:00:00;6.1;80;2.0;1010.0;6.8;0;0.0;1009.1;2.6;250;1.0;1009.1;11.5;8;5.2;1008.4;10.7;303;4.3;1009.0
2018-10-01;20:00:00;5.3;80;1.0;1010.0;6.1;0;0.0;1009.0;3.6;240;3.0;1009.1;11.1;15;4.9;1008.3;10.5;310;3.1;1008.8
2018-10-01;21:00:00;6.5;140;2.0;1009.8;5.1;64;0.7;1009.0;3.8;260;3.0;1009.1;10.5;19;4.1;1008.4;10.7;313;4.3;1008.7
2018-10-01;22:00:00;5.8;60;1.0;1009.9;4.4;37;0.8;1008.7;3.5;250;2.0;1008.8;10.1;60;2.3;1007.6;11.1;319;4.6;1008.3
2018-10-01;23:00:00;4.8;110;1.0;1009.5;3.8;37;0.7;1008.2;2.7;250;1.0;1008.4;10.1;126;1.0;1007.5;11.2;293;5.3;1008.0
2018-10-02;00:00:00;3.1;90;1.0;1009.5;3.3;0;0.0;1008.0;2.1;250;2.0;1008.3;10.7;179;1.7;1006.6;11.2;279;4.6;1007.8
2018-10-02;01:00:00;3.6;0;0.0;1009.3;3.5;31;0.5;1007.2;1.2;220;1.0;1007.8;11.2;213;3.6;1005.4;11.3;257;4.6;1007.0
2018-10-02;02:00:00;5.0;310;1.0;1008.7;3.5;0;0.0;1006.4;0.2;240;2.0;1007.3;11.5;205;5.1;1004.7;10.9;255;7.8;1006.2
2018-10-02;03:00:00;9.6;270;5.0;1008.2;4.1;0;0.0;1006.1;0.8;210;1.0;1006.8;10.5;193;4.8;1003.8;10.5;260;7.0;1005.8
2018-10-02;04:00:00;9.5;270;7.0;1008.1;7.6;243;1.7;1005.4;1.8;240;2.0;1006.2;10.3;240;10.9;1002.3;10.4;244;9.1;1005.3
2018-10-02;05:00:00;9.3;270;6.0;1007.7;9.2;223;2.8;1004.5;2.7;220;3.0;1005.5;10.0;250;11.6;1001.6;10.1;248;11.0;1004.4
2018-10-02;06:00:00;9.2;270;6.0;1007.7;9.0;255;6.3;1004.1;3.9;210;3.0;1004.8;9.7;260;15.1;1000.4;8.9;264;8.8;1004.2
2018-10-02;07:00:00;9.4;240;7.0;1007.1;8.0;257;2.9;1003.6;4.6;210;4.0;1004.2;8.6;254;8.8;1000.7;9.1;242;11.0;1003.4
2018-10-02;08:00:00;8.2;220;7.0;1006.5;8.0;213;2.9;1002.7;5.4;220;5.0;1003.4;8.5;241;8.9;999.4;8.8;220;11.1;1002.2
2018-10-02;09:00:00;8.4;200;5.0;1005.5;8.3;197;3.0;1001.0;5.8;210;6.0;1002.6;8.9;200;10.2;997.6;9.3;205;13.0;999.8
2018-10-02;10:00:00;8.2;200;5.0;1003.9;8.4;169;3.7;998.7;5.8;210;6.0;1002.6;8.8;174;12.3;995.3;9.6;191;15.1;997.1
2018-10-02;11:00:00;8.1;170;5.0;1001.9;8.4;174;4.1;996.4;6.7;200;7.0;999.5;9.4;157;13.6;992.9;10.2;198;19.1;994.5
2018-10-02;12:00:00;8.8;190;8.0;999.8;10.4;214;6.3;994.4;6.3;180;6.0;997.7;11.3;201;12.2;989.2;11.3;239;13.1;994.0
2018-10-02;13:00:00;9.1;210;8.0;998.6;11.7;239;6.6;993.1;6.2;180;5.0;995.6;12.0;284;15.4;985.6;11.9;263;11.3;993.3
2018-10-02;14:00:00;11.4;270;9.0;997.7;11.9;261;7.2;992.4;6.0;180;5.0;993.5;8.7;329;13.7;989.3;11.8;269;13.7;992.9
2018-10-02;15:00:00;9.2;270;8.0;997.7;11.8;257;8.5;992.0;6.6;180;3.0;991.9;8.7;314;10.2;990.6;11.8;273;12.9;992.4
2018-10-02;16:00:00;10.5;270;11.0;997.3;11.5;257;9.1;991.7;7.0;230;5.0;991.2;8.9;329;8.7;990.6;11.6;277;13.8;992.2
2018-10-02;17:00:00;10.4;270;12.0;996.9;11.2;259;7.8;991.7;6.8;240;5.0;990.9;8.2;360;6.2;991.1;11.5;282;13.6;992.2
2018-10-02;18:00:00;10.4;270;12.0;996.8;10.8;261;6.2;991.5;6.7;230;5.0;990.6;8.1;351;7.1;991.6;11.4;292;13.2;991.6
2018-10-02;19:00:00;10.5;270;13.0;995.9;10.8;297;4.1;991.7;6.1;230;4.0;990.6;8.0;348;8.5;992.4;11.4;307;11.1;991.6
2018-10-02;20:00:00;10.2;260;15.0;994.3;8.1;352;2.8;992.6;6.1;250;4.0;990.4;7.4;6;9.1;993.5;10.5;340;11.4;992.3
2018-10-02;21:00:00;7.1;280;13.0;994.4;6.7;347;3.6;993.8;5.4;280;6.0;990.3;7.3;353;9.2;994.4;8.8;358;9.0;993.7
2018-10-02;22:00:00;10.0;290;16.0;994.5;5.9;335;1.8;995.2;4.7;290;7.0;990.7;7.3;351;9.7;995.5;9.1;350;9.4;994.9
2018-10-02;23:00:00;10.4;290;14.0;995.1;5.9;338;2.9;996.4;4.7;300;6.0;991.9;7.4;359;10.4;996.9;7.9;360;10.7;996.2
2018-10-03;00:00:00;8.5;320;11.0;996.6;6.3;318;2.7;997.7;5.0;310;6.0;993.3;7.2;351;9.4;998.1;7.6;9;9.9;997.5
2018-10-03;01:00:00;7.8;320;7.0;997.8;6.4;330;3.0;998.9;5.0;320;7.0;994.9;7.1;358;10.2;999.4;7.6;3;9.7;998.7
2018-10-03;02:00:00;7.3;330;8.0;999.3;5.5;324;2.3;1000.2;5.0;330;6.0;996.5;7.3;352;9.8;1000.5;8.0;358;10.2;1000.0
2018-10-03;03:00:00;6.4;320;7.0;1000.6;5.2;325;3.6;1001.4;5.1;340;6.0;998.1;7.5;360;11.6;1001.7;7.6;360;9.5;1001.3
2018-10-03;04:00:00;6.5;320;6.0;1001.8;4.7;308;3.3;1002.7;5.1;330;4.0;999.4;7.6;353;10.6;1003.1;7.5;359;10.2;1002.6
2018-10-03;05:00:00;6.8;330;7.0;1003.2;5.0;343;2.5;1004.1;5.0;330;5.0;1000.9;7.3;2;10.8;1004.5;6.4;6;10.5;1004.0
2018-10-03;06:00:00;6.5;320;7.0;1004.6;5.2;331;2.7;1005.6;5.0;330;5.0;1002.5;7.6;356;8.6;1006.1;7.2;358;9.2;1005.6
2018-10-03;07:00:00;7.7;330;6.0;1006.3;5.8;330;2.9;1007.3;5.7;340;5.0;1004.1;8.0;3;8.8;1007.4;7.1;359;8.6;1007.3
2018-10-03;08:00:00;8.3;330;9.0;1007.9;6.5;315;3.0;1008.6;6.5;330;4.0;1005.6;8.6;2;7.4;1008.7;8.5;355;8.3;1008.7
2018-10-03;09:00:00;8.6;330;9.0;1009.5;8.0;325;1.9;1009.7;6.3;320;5.0;1007.0;9.4;338;8.1;1009.4;9.2;345;8.7;1009.8
2018-10-03;10:00:00;9.2;330;8.0;1010.6;9.5;302;4.2;1010.6;7.8;330;4.0;1008.0;9.9;313;6.7;1010.2;9.7;340;8.9;1010.6
2018-10-03;11:00:00;10.0;320;10.0;1011.9;10.5;297;4.3;1011.4;7.8;310;5.0;1009.3;10.6;296;6.4;1010.9;10.6;317;9.7;1011.7
2018-10-03;12:00:00;10.6;320;9.0;1012.7;11.9;310;4.1;1012.0;8.0;330;5.0;1010.1;10.8;307;8.0;1011.4;11.3;315;8.7;1012.3
2018-10-03;13:00:00;11.1;310;8.0;1013.6;11.9;303;5.4;1012.6;8.5;290;4.0;1010.9;11.5;303;6.7;1011.7;11.6;306;7.5;1013.0
2018-10-03;14:00:00;11.0;300;9.0;1014.1;12.1;283;5.4;1013.1;8.6;290;6.0;1011.3;12.2;288;4.7;1011.9;11.8;301;9.4;1013.1
2018-10-03;15:00:00;10.6;300;8.0;1014.5;12.0;283;4.0;1013.3;8.8;280;5.0;1011.6;12.7;278;7.4;1011.7;11.5;305;7.7;1013.6
2018-10-03;16:00:00;10.2;290;7.0;1015.0;11.2;277;2.6;1013.8;7.4;280;4.0;1012.4;12.8;290;6.7;1012.1;11.8;293;8.4;1013.9
2018-10-03;17:00:00;10.0;290;7.0;1015.5;10.6;258;2.4;1014.0;5.7;270;2.0;1013.3;12.6;330;6.7;1012.7;11.6;297;7.3;1014.1
2018-10-03;18:00:00;10.1;300;8.0;1015.9;9.4;261;1.5;1014.4;4.6;260;2.0;1013.9;12.5;338;6.5;1013.4;11.9;290;6.6;1014.5
2018-10-03;19:00:00;9.4;300;6.0;1016.3;9.2;243;0.7;1014.7;3.9;280;2.0;1014.4;12.1;341;8.4;1014.0;12.0;295;6.9;1014.9
2018-10-03;20:00:00;10.7;290;9.0;1016.6;7.6;40;0.8;1015.0;2.8;280;2.0;1014.9;11.7;327;8.7;1014.7;12.2;313;8.1;1015.1
2018-10-03;21:00:00;10.2;290;8.0;1016.7;5.8;39;1.1;1015.8;3.5;280;3.0;1015.0;11.1;339;9.4;1015.6;12.0;316;9.0;1015.8
2018-10-03;22:00:00;10.4;290;9.0;1017.4;4.8;29;0.6;1016.2;3.5;270;3.0;1015.7;10.5;348;6.3;1015.8;11.7;322;7.9;1016.0
2018-10-03;23:00:00;10.2;300;7.0;1017.5;3.9;26;0.6;1016.7;3.1;280;3.0;1015.9;10.0;3;6.4;1016.2;11.2;5;4.1;1016.6
2018-10-04;00:00:00;8.9;300;6.0;1018.0;3.4;35;0.8;1017.1;2.4;280;3.0;1016.5;9.5;18;6.1;1016.7;10.6;355;4.0;1017.0
2018-10-04;01:00:00;8.9;290;6.0;1018.3;2.5;0;0.0;1017.7;2.0;290;3.0;1016.9;8.4;28;2.7;1017.3;9.7;32;1.8;1017.5
2018-10-04;02:00:00;7.5;300;4.0;1018.5;2.0;30;0.9;1017.7;-0.4;0;0.0;1017.5;8.5;74;2.1;1017.4;8.8;64;2.4;1017.5
2018-10-04;03:00:00;7.7;320;1.0;1018.9;1.5;0;0.0;1018.3;-1.3;250;1.0;1018.3;8.2;115;3.6;1017.5;8.5;68;1.9;1017.9
2018-10-04;04:00:00;3.0;310;2.0;1019.4;1.3;29;0.7;1018.3;-0.5;240;1.0;1018.5;8.2;129;4.0;1017.7;8.5;129;1.6;1018.0
2018-10-04;05:00:00;3.7;130;1.0;1019.7;1.8;45;0.7;1018.4;-1.9;0;0.0;1019.0;8.7;147;4.7;1017.6;8.9;137;1.8;1018.0
2018-10-04;06:00:00;3.9;310;1.0;1019.9;2.7;40;1.1;1018.4;-2.1;0;0.0;1019.0;8.6;158;5.6;1017.2;9.1;118;3.0;1018.0
2018-10-04;07:00:00;10.1;270;4.0;1020.2;3.8;6;0.6;1018.4;0.9;0;0.0;1019.1;8.9;155;6.8;1016.8;10.9;247;4.7;1018.1
2018-10-04;08:00:00;10.8;260;4.0;1020.4;6.4;0;0.0;1018.4;3.4;230;1.0;1019.0;10.8;210;6.5;1016.2;11.1;234;5.9;1018.2
2018-10-04;09:00:00;11.5;250;4.0;1020.7;8.8;168;2.5;1018.1;5.8;220;2.0;1018.7;11.0;221;8.3;1016.3;11.4;225;7.3;1017.8
2018-10-04;10:00:00;11.9;230;4.0;1020.4;11.9;225;3.3;1018.0;9.2;220;4.0;1018.3;10.8;217;8.2;1016.1;11.7;220;8.9;1017.8
2018-10-04;11:00:00;11.5;220;4.0;1020.6;12.5;219;3.5;1017.9;9.9;230;5.0;1017.9;10.2;216;8.9;1015.9;11.5;211;8.9;1017.6
2018-10-04;12:00:00;11.6;220;4.0;1020.4;10.9;209;5.0;1017.8;9.8;220;5.0;1018.0;10.4;201;10.9;1015.1;11.0;204;10.6;1017.0
2018-10-04;13:00:00;11.6;210;3.0;1020.0;10.5;190;2.5;1017.1;10.0;220;4.0;1017.6;11.2;201;10.6;1014.1;11.7;213;10.8;1016.4
2018-10-04;14:00:00;12.0;190;3.0;1019.5;11.4;200;3.0;1016.4;9.1;210;6.0;1017.4;13.0;238;11.2;1013.3;12.2;218;10.4;1016.0
2018-10-04;15:00:00;12.4;210;3.0;1019.2;12.2;208;3.4;1015.9;8.9;210;5.0;1016.7;13.0;245;12.9;1012.6;12.9;218;9.6;1015.7
2018-10-04;16:00:00;12.7;190;3.0;1018.6;12.8;199;3.8;1015.4;8.2;200;5.0;1016.2;12.9;244;12.3;1012.3;13.6;231;7.7;1015.2
2018-10-04;17:00:00;13.0;210;3.0;1018.5;13.1;203;2.9;1015.2;8.8;210;4.0;1015.7;12.8;235;14.5;1011.8;13.6;251;6.7;1015.1
2018-10-04;18:00:00;13.1;230;5.0;1018.4;13.3;232;2.8;1015.1;9.6;210;5.0;1015.3;12.7;236;14.2;1011.5;13.6;240;7.9;1014.9
2018-10-04;19:00:00;12.9;220;5.0;1018.3;13.2;219;3.3;1014.8;10.3;210;6.0;1014.9;12.9;241;14.5;1011.2;13.4;241;9.6;1014.8
2018-10-04;20:00:00;13.1;230;5.0;1018.3;13.3;222;3.1;1014.7;10.5;220;4.0;1014.6;13.0;241;15.0;1010.7;13.4;232;10.0;1014.3
2018-10-04;21:00:00;13.0;220;5.0;1017.8;13.2;205;3.5;1014.0;10.8;220;5.0;1014.1;13.1;233;15.9;1010.1;13.4;224;11.2;1013.8
2018-10-04;22:00:00;12.9;220;4.0;1017.6;13.3;213;3.6;1013.7;11.0;240;5.0;1013.7;13.2;239;16.3;1009.6;13.5;224;12.6;1013.4
2018-10-04;23:00:00;13.0;210;5.0;1017.5;13.2;210;4.1;1013.3;11.0;220;5.0;1013.5;13.3;233;14.9;1009.6;13.5;223;11.6;1013.1
2018-10-05;00:00:00;13.1;220;5.0;1017.3;13.1;213;4.7;1013.0;11.1;220;5.0;1013.0;13.2;224;14.0;1009.1;13.4;220;12.1;1012.7
2018-10-05;01:00:00;13.1;230;7.0;1017.1;13.2;208;5.0;1012.5;11.2;220;6.0;1012.5;13.4;228;15.4;1008.7;13.5;223;12.3;1012.5
2018-10-05;02:00:00;13.2;220;5.0;1016.7;13.3;215;4.1;1012.5;11.6;240;6.0;1012.1;13.4;243;17.4;1008.2;13.5;228;10.8;1012.5
2018-10-05;03:00:00;13.3;230;6.0;1016.2;13.4;217;4.1;1012.0;11.7;240;8.0;1011.8;13.3;239;16.9;1007.8;13.4;236;10.6;1012.0
2018-10-05;04:00:00;13.2;230;7.0;1015.9;13.5;226;4.8;1012.0;11.5;230;5.0;1011.6;13.1;242;16.5;1007.9;13.6;242;11.3;1012.1
2018-10-05;05:00:00;12.8;230;6.0;1015.9;13.5;234;5.3;1012.4;11.5;230;6.0;1011.5;13.0;253;15.1;1008.4;13.5;252;9.7;1012.7
2018-10-05;06:00:00;13.0;240;6.0;1016.0;13.4;236;4.8;1012.8;11.7;240;6.0;1011.6;12.6;261;14.4;1009.2;13.3;253;10.5;1012.9
2018-10-05;07:00:00;13.6;250;6.0;1016.4;13.4;241;6.1;1013.4;11.9;240;7.0;1012.2;12.7;270;12.6;1010.4;13.1;262;8.5;1013.6
2018-10-05;08:00:00;14.0;240;5.0;1017.0;13.5;245;5.5;1014.3;12.4;250;7.0;1012.5;12.4;265;13.8;1011.2;13.0;264;7.4;1014.3
2018-10-05;09:00:00;14.0;230;6.0;1016.9;13.8;248;5.1;1014.6;12.3;250;7.0;1012.9;12.3;264;12.2;1011.9;12.9;266;7.1;1014.7
2018-10-05;10:00:00;14.3;230;6.0;1016.7;13.6;256;4.8;1014.5;13.1;250;8.0;1013.0;12.0;261;11.3;1011.8;13.0;275;5.3;1014.7
2018-10-05;11:00:00;14.5;230;6.0;1016.5;13.3;247;4.1;1014.4;13.2;240;8.0;1013.0;12.0;255;10.7;1012.0;12.8;271;4.6;1014.5
2018-10-05;12:00:00;14.9;230;6.0;1016.3;13.1;267;3.2;1014.1;12.1;240;8.0;1013.1;12.1;251;11.8;1011.6;12.3;276;2.4;1014.1
2018-10-05;13:00:00;15.3;220;5.0;1015.8;11.4;248;2.5;1014.0;12.4;240;5.0;1013.2;11.9;246;11.2;1011.8;11.4;209;4.4;1013.7
2018-10-05;14:00:00;15.5;230;7.0;1015.4;10.7;199;1.9;1013.7;10.6;240;3.0;1012.9;11.9;241;11.1;1011.4;11.2;224;3.5;1013.5
2018-10-05;15:00:00;15.0;220;7.0;1015.1;10.9;177;1.4;1013.2;10.3;260;3.0;1012.9;11.9;242;10.8;1011.2;11.8;222;3.9;1013.2
2018-10-05;16:00:00;14.3;210;5.0;1015.0;11.1;209;1.3;1012.9;10.0;230;3.0;1012.7;11.9;231;9.9;1010.8;11.6;257;2.6;1012.7
2018-10-05;17:00:00;13.9;200;5.0;1015.0;11.5;210;1.7;1012.8;9.8;220;2.0;1012.7;11.9;229;11.9;1010.4;11.0;294;1.2;1012.9
2018-10-05;18:00:00;13.8;200;4.0;1015.0;11.0;217;1.1;1012.5;10.0;220;2.0;1012.7;11.9;234;11.0;1010.4;11.1;227;1.1;1012.4
2018-10-05;19:00:00;13.4;170;3.0;1014.7;11.3;211;1.0;1012.0;10.0;210;4.0;1012.2;12.0;246;11.3;1010.0;11.6;230;3.3;1012.0
2018-10-05;20:00:00;12.1;140;2.0;1014.2;11.6;228;1.3;1011.9;10.2;210;3.0;1011.8;11.9;255;9.4;1009.8;11.9;236;5.1;1011.8
2018-10-05;21:00:00;11.6;130;1.0;1013.5;11.7;227;1.5;1011.3;10.4;220;3.0;1011.4;11.4;257;9.7;1009.7;10.2;308;4.2;1011.4
2018-10-05;22:00:00;12.4;170;2.0;1013.2;9.6;293;3.0;1011.4;10.7;210;3.0;1011.1;11.4;251;9.0;1009.7;9.5;310;5.0;1011.2
2018-10-05;23:00:00;12.0;160;3.0;1012.4;9.5;0;0.0;1011.0;11.8;210;4.0;1010.3;11.4;257;9.0;1009.5;10.2;316;4.4;1010.8
2018-10-06;00:00:00;11.9;170;3.0;1011.8;9.5;0;0.0;1010.9;12.1;220;6.0;1009.9;11.3;263;8.8;1009.3;10.7;318;5.7;1010.7
2018-10-06;01:00:00;10.3;170;2.0;1011.4;9.5;330;1.3;1010.3;12.0;210;4.0;1009.3;10.8;274;8.6;1009.0;10.3;317;4.2;1010.2
2018-10-06;02:00:00;9.1;70;1.0;1011.2;9.6;0;0.0;1010.3;12.1;240;4.0;1009.2;10.4;273;9.0;1008.6;10.5;319;4.6;1010.0
2018-10-06;03:00:00;8.4;90;1.0;1010.5;9.8;254;0.6;1010.2;11.4;300;2.0;1009.0;10.4;275;8.1;1008.6;10.9;311;5.3;1009.8
2018-10-06;04:00:00;8.8;0;0.0;1010.3;10.3;241;1.1;1010.0;10.5;320;3.0;1009.0;10.5;280;7.9;1008.4;11.1;306;7.0;1009.8
2018-10-06;05:00:00;9.9;0;0.0;1009.9;9.8;258;1.4;1009.7;9.1;330;1.0;1009.3;10.6;279;7.8;1008.2;10.9;310;6.3;1009.5
2018-10-06;06:00:00;10.3;140;2.0;1009.9;9.5;247;0.7;1009.4;8.5;280;2.0;1009.3;10.7;290;6.4;1008.5;10.8;289;5.1;1009.6
2018-10-06;07:00:00;10.8;120;2.0;1009.8;9.7;0;0.0;1009.7;8.5;290;2.0;1009.5;10.8;290;6.4;1008.7;10.9;297;5.3;1009.7
2018-10-06;08:00:00;11.7;0;0.0;1010.0;10.5;0;0.0;1009.6;8.9;0;0.0;1009.4;11.0;293;7.3;1008.9;11.2;310;3.8;1009.7
2018-10-06;09:00:00;12.3;310;1.0;1010.0;11.1;302;1.1;1010.0;9.2;290;2.0;1009.4;10.9;291;6.9;1009.1;11.1;318;5.2;1010.0
2018-10-06;10:00:00;13.1;300;3.0;1009.9;11.4;289;1.0;1010.0;10.1;290;2.0;1009.4;11.2;294;6.0;1009.5;11.3;317;3.6;1010.1
2018-10-06;11:00:00;13.1;320;4.0;1009.8;11.7;298;1.0;1010.1;10.3;300;2.0;1009.3;11.1;289;5.7;1009.4;11.7;329;3.0;1010.0
2018-10-06;12:00:00;13.5;320;2.0;1009.2;11.6;299;2.1;1009.5;10.5;290;3.0;1009.1;11.1;296;5.4;1009.1;11.5;326;3.7;1009.6
2018-10-06;13:00:00;13.0;330;4.0;1009.2;11.9;302;1.6;1009.4;10.6;320;3.0;1008.8;11.3;288;3.8;1008.7;11.6;327;3.0;1009.5
2018-10-06;14:00:00;12.4;330;4.0;1009.3;11.9;314;0.9;1009.4;10.5;0;0.0;1008.5;11.1;294;4.5;1008.7;11.4;330;3.3;1009.4
2018-10-06;15:00:00;12.1;320;5.0;1008.8;11.6;302;1.3;1008.8;10.0;320;2.0;1008.8;11.0;289;4.0;1008.5;11.2;325;2.6;1008.7
2018-10-06;16:00:00;11.3;350;3.0;1008.4;11.3;290;1.8;1008.9;9.1;330;1.0;1008.3;11.0;298;4.1;1008.3;11.1;323;3.1;1008.7
2018-10-06;17:00:00;10.9;90;2.0;1008.4;10.8;306;0.8;1008.9;8.0;0;0.0;1008.6;11.0;283;3.7;1008.7;11.1;336;4.3;1008.7
2018-10-06;18:00:00;10.0;350;1.0;1008.3;10.4;310;1.6;1009.3;7.8;310;2.0;1008.7;11.0;289;3.2;1008.7;10.3;327;7.5;1009.5
2018-10-06;19:00:00;10.1;330;2.0;1008.7;9.8;0;0.0;1009.7;7.5;270;2.0;1009.1;11.0;293;3.4;1009.2;9.7;305;0.7;1009.8
2018-10-06;20:00:00;10.1;0;0.0;1008.8;8.1;216;1.2;1010.5;7.3;330;2.0;1009.4;11.1;299;3.1;1009.4;8.7;335;6.5;1010.2
2018-10-06;21:00:00;10.2;70;2.0;1007.6;8.2;328;0.5;1010.8;7.4;340;2.0;1009.5;11.2;301;2.6;1009.7;8.7;354;2.6;1010.6
2018-10-06;22:00:00;10.5;270;2.0;1008.7;7.7;346;1.4;1010.7;7.4;340;2.0;1009.7;10.9;350;1.6;1009.8;8.4;22;4.1;1010.6
2018-10-06;23:00:00;9.7;10;3.0;1008.5;7.4;0;0.0;1010.7;6.2;330;4.0;1009.8;11.1;343;2.7;1009.8;8.1;47;2.5;1010.7
2018-10-07;00:00:00;8.5;360;4.0;1008.7;7.4;0;0.0;1010.6;5.4;340;3.0;1010.1;10.9;32;3.6;1009.9;7.7;61;2.2;1010.6
2018-10-07;01:00:00;7.7;350;6.0;1009.0;7.1;77;0.9;1010.6;5.0;340;2.0;1010.3;10.6;13;4.7;1010.5;8.0;0;0.0;1010.7
2018-10-07;02:00:00;6.9;350;6.0;1009.7;7.2;0;0.0;1011.3;4.8;360;3.0;1010.4;10.0;7;4.5;1010.7;8.2;0;0.0;1011.4
2018-10-07;03:00:00;6.7;350;6.0;1010.6;6.9;0;0.0;1011.5;4.7;320;2.0;1010.9;9.5;353;5.5;1011.1;8.4;235;2.5;1011.2
2018-10-07;04:00:00;6.5;360;5.0;1011.1;6.2;152;0.7;1012.0;4.7;340;2.0;1011.4;8.2;10;6.9;1011.9;9.0;337;6.5;1011.8
2018-10-07;05:00:00;6.5;10;3.0;1011.7;5.3;0;0.0;1012.4;4.6;0;0.0;1011.6;7.3;15;6.3;1012.6;9.0;314;3.7;1012.2
2018-10-07;06:00:00;5.6;30;1.0;1012.3;4.4;0;0.0;1013.1;3.3;300;2.0;1012.3;6.7;25;5.8;1013.2;9.7;303;4.4;1012.7
2018-10-07;07:00:00;6.8;360;4.0;1013.4;5.4;0;0.0;1013.8;4.9;320;3.0;1012.8;6.6;13;5.2;1014.4;10.1;320;4.6;1013.6
2018-10-07;08:00:00;8.0;350;4.0;1014.5;8.4;0;0.0;1014.4;6.8;340;3.0;1013.1;6.4;16;4.8;1015.0;10.3;4;4.7;1014.6
2018-10-07;09:00:00;9.5;350;5.0;1015.7;11.3;0;0.0;1015.3;8.5;340;4.0;1014.1;6.8;23;2.8;1015.5;11.1;341;2.9;1015.2
2018-10-07;10:00:00;10.5;330;5.0;1016.3;11.6;304;0.7;1015.6;9.3;350;5.0;1014.4;7.4;15;2.4;1015.9;11.8;335;2.7;1015.7
2018-10-07;11:00:00;11.7;310;6.0;1017.0;12.4;291;2.1;1016.4;9.9;30;2.0;1015.0;8.0;333;3.0;1016.7;11.9;326;3.3;1016.5
2018-10-07;12:00:00;11.8;310;5.0;1017.7;13.0;269;2.5;1017.2;10.8;360;2.0;1016.0;8.6;320;3.3;1017.2;11.7;324;3.4;1017.5
2018-10-07;13:00:00;12.0;310;6.0;1018.6;12.5;277;2.9;1017.7;10.6;300;4.0;1016.8;9.0;336;2.6;1017.3;11.6;321;3.1;1017.8
2018-10-07;14:00:00;11.9;300;4.0;1019.1;11.8;286;2.4;1017.9;10.5;310;3.0;1017.3;9.6;302;1.3;1017.4;11.5;316;3.2;1018.1
2018-10-07;15:00:00;11.1;300;3.0;1019.0;11.6;277;2.1;1017.9;10.2;300;3.0;1017.3;9.7;247;2.9;1017.2;10.8;295;2.2;1018.0
2018-10-07;16:00:00;10.5;260;2.0;1019.4;10.5;244;1.8;1018.0;8.5;270;1.0;1017.7;9.4;236;3.8;1016.8;10.4;261;2.5;1018.0
2018-10-07;17:00:00;9.3;230;1.0;1019.8;9.3;0;0.0;1018.2;4.7;0;0.0;1018.5;9.4;236;6.1;1016.9;10.4;253;2.5;1018.1
2018-10-07;18:00:00;8.7;190;2.0;1020.2;8.6;162;0.7;1018.3;3.0;190;1.0;1019.1;9.6;217;6.4;1016.8;10.7;219;3.4;1018.2
2018-10-07;19:00:00;7.7;180;3.0;1020.6;8.3;153;0.9;1018.3;1.6;210;2.0;1019.5;10.2;212;8.8;1016.5;11.2;229;7.0;1018.2
2018-10-07;20:00:00;7.9;180;2.0;1021.0;8.8;176;1.3;1018.3;2.2;220;2.0;1019.1;10.4;217;11.1;1016.0;10.8;231;9.1;1018.1
2018-10-07;21:00:00;7.0;180;2.0;1020.9;10.2;214;2.5;1018.1;2.8;220;2.0;1019.3;10.6;229;11.0;1015.6;10.5;230;8.4;1017.9
2018-10-07;22:00:00;7.4;160;3.0;1020.6;10.0;213;2.7;1017.9;5.0;210;2.0;1018.9;10.8;239;13.0;1015.1;10.7;234;9.6;1017.7
2018-10-07;23:00:00;-;-;-;-;10.0;216;3.0;1018.1;5.5;190;2.0;1018.4;10.8;225;13.6;1015.1;10.5;221;10.9;1017.5
2018-10-08;00:00:00;-;-;-;-;10.1;198;2.2;1017.1;6.7;220;4.0;1018.7;10.6;213;13.6;1014.2;10.6;223;12.7;1017.1
2018-10-08;01:00:00;-;-;-;-;10.2;218;3.0;1016.8;7.0;220;5.0;1017.8;10.4;197;12.3;1013.0;10.8;221;12.9;1016.5
2018-10-08;02:00:00;-;-;-;-;10.4;209;3.2;1016.1;6.9;200;5.0;1017.2;10.4;212;13.6;1012.6;10.8;219;13.5;1015.6
2018-10-08;03:00:00;-;-;-;-;10.7;209;3.7;1015.7;6.8;210;5.0;1016.7;10.5;209;17.2;1011.3;10.8;220;13.8;1015.2
2018-10-08;04:00:00;-;-;-;-;9.6;219;4.5;1015.2;7.3;200;6.0;1016.2;10.8;195;14.6;1010.1;10.8;204;15.7;1013.7
2018-10-08;05:00:00;9.1;190;4.0;1018.9;9.7;204;4.3;1013.8;7.4;210;6.0;1015.4;10.6;207;16.3;1009.3;10.7;203;16.8;1012.7
2018-10-08;06:00:00;9.1;190;4.0;1018.9;9.9;190;5.2;1013.3;7.7;210;7.0;1015.3;10.5;207;16.0;1008.9;11.1;201;17.3;1012.3
2018-10-08;07:00:00;9.6;180;5.0;1018.9;10.7;204;6.2;1013.3;8.1;210;7.0;1014.9;10.8;205;16.7;1008.8;11.9;210;17.1;1012.2
2018-10-08;08:00:00;10.4;190;5.0;1018.9;11.3;200;6.1;1013.1;8.3;210;9.0;1014.4;11.1;209;14.9;1008.8;11.8;216;17.3;1012.3
2018-10-08;09:00:00;11.2;190;5.0;1018.9;12.0;214;4.7;1013.0;9.2;210;10.0;1014.0;12.2;219;16.2;1008.4;12.0;217;17.5;1012.4
2018-10-08;10:00:00;11.7;190;5.0;1018.9;12.3;210;5.2;1013.1;9.1;210;10.0;1014.0;12.2;226;15.8;1008.8;12.3;218;16.6;1012.6
2018-10-08;11:00:00;12.5;190;5.0;1018.5;12.4;209;5.3;1013.3;8.8;210;9.0;1014.2;12.5;224;14.7;1009.3;12.3;218;14.9;1012.9
2018-10-08;12:00:00;12.9;210;6.0;1018.4;12.6;214;5.2;1013.3;8.7;210;8.0;1014.4;12.6;226;14.5;1009.5;12.7;223;13.2;1013.1
2018-10-08;13:00:00;12.7;200;5.0;1018.0;12.7;223;5.0;1013.2;9.2;210;8.0;1014.3;12.6;226;15.8;1009.3;12.8;228;14.0;1013.0
2018-10-08;14:00:00;12.6;200;4.0;1017.8;12.9;212;3.8;1013.2;9.4;210;8.0;1014.0;12.7;233;14.5;1009.5;13.0;223;13.1;1013.0
2018-10-08;15:00:00;12.4;200;4.0;1017.7;13.0;213;4.0;1013.1;9.6;210;7.0;1014.0;12.7;229;15.4;1009.3;13.0;225;12.5;1012.8
2018-10-08;16:00:00;12.0;180;3.0;1017.7;12.7;215;3.8;1013.1;9.6;210;7.0;1014.0;12.6;233;14.0;1009.6;12.7;221;12.5;1012.8
2018-10-08;17:00:00;11.9;170;3.0;1017.5;12.5;211;3.7;1013.2;9.6;200;6.0;1014.0;12.5;230;12.9;1009.8;12.7;221;12.8;1012.8
2018-10-08;18:00:00;11.9;170;3.0;1017.9;12.6;207;4.8;1013.4;9.8;210;7.0;1013.9;12.4;231;11.9;1009.9;12.6;221;12.9;1012.8
2018-10-08;19:00:00;11.9;190;3.0;1018.2;12.8;211;4.0;1013.5;9.9;210;7.0;1014.2;12.5;233;12.6;1010.1;12.9;222;12.7;1013.1
2018-10-08;20:00:00;11.5;190;4.0;1018.2;13.0;217;4.4;1013.7;10.1;210;7.0;1014.2;12.6;233;13.8;1009.8;12.8;223;12.3;1013.3
2018-10-08;21:00:00;11.7;190;4.0;1018.2;13.0;210;4.2;1013.7;10.3;210;7.0;1014.3;12.6;228;15.1;1009.9;13.0;226;13.8;1013.4
2018-10-08;22:00:00;11.9;180;3.0;1018.0;13.1;218;4.3;1013.5;10.4;210;6.0;1014.2;12.6;233;14.8;1009.8;13.0;228;13.0;1013.2
2018-10-08;23:00:00;11.8;180;3.0;1017.7;13.2;220;3.8;1013.7;10.4;200;5.0;1013.9;12.7;226;14.5;1010.2;13.2;229;11.6;1013.2
2018-10-09;00:00:00;11.4;190;4.0;1017.7;13.3;225;5.1;1013.7;11.0;220;6.0;1013.9;12.8;228;14.6;1010.5;13.2;229;12.5;1013.5
2018-10-09;01:00:00;11.6;190;4.0;1017.7;13.6;225;4.7;1013.7;11.1;220;6.0;1013.7;12.8;225;13.4;1010.2;13.1;231;11.6;1013.6
2018-10-09;02:00:00;11.6;190;4.0;1017.5;13.3;222;3.9;1013.5;11.3;220;6.0;1013.6;12.8;218;12.3;1010.1;13.0;225;11.0;1013.1
2018-10-09;03:00:00;11.6;200;4.0;1017.2;13.1;209;3.4;1013.0;11.2;220;5.0;1013.6;12.8;222;12.2;1010.0;13.0;218;10.7;1012.6
2018-10-09;04:00:00;11.2;190;4.0;1016.7;13.2;209;4.3;1012.9;11.2;210;6.0;1013.0;12.9;215;13.1;1009.4;12.9;214;11.1;1012.4
2018-10-09;05:00:00;11.6;190;4.0;1016.8;13.3;213;4.3;1012.9;11.1;220;5.0;1013.4;13.0;224;15.4;1008.8;13.0;214;10.8;1012.1
2018-10-09;06:00:00;11.3;190;5.0;1017.0;13.2;208;4.5;1013.0;11.2;210;6.0;1013.1;13.1;222;15.8;1009.1;12.9;212;10.7;1012.4
2018-10-09;07:00:00;11.9;200;5.0;1017.4;13.6;207;3.2;1013.7;11.4;220;7.0;1014.1;13.1;224;14.2;1009.6;12.9;210;9.5;1013.2
2018-10-09;08:00:00;12.7;210;6.0;1017.9;13.6;199;4.2;1013.9;11.7;220;6.0;1014.3;13.2;219;15.1;1009.8;13.2;217;11.1;1013.3
2018-10-09;09:00:00;13.2;200;4.0;1018.6;13.8;192;4.7;1013.8;12.0;210;7.0;1014.3;13.2;223;14.3;1010.2;13.1;204;11.5;1013.1
2018-10-09;10:00:00;13.2;180;3.0;1018.6;14.0;203;4.5;1014.2;12.4;220;8.0;1014.4;13.2;228;14.9;1010.3;13.3;211;11.4;1013.8
2018-10-09;11:00:00;13.7;160;3.0;1018.7;14.2;208;5.2;1014.0;12.4;220;8.0;1014.6;13.2;227;16.2;1010.5;13.4;210;11.0;1013.6
2018-10-09;12:00:00;13.9;170;3.0;1018.6;14.5;208;4.9;1013.9;12.4;220;8.0;1014.6;13.2;226;14.7;1010.7;13.5;209;10.7;1013.6
2018-10-09;13:00:00;14.0;160;2.0;1018.3;14.7;204;5.1;1014.1;12.8;220;8.0;1014.4;13.1;227;14.9;1010.6;14.2;224;10.6;1013.8
2018-10-09;14:00:00;14.4;210;3.0;1018.2;14.8;211;4.3;1013.8;12.2;210;7.0;1014.6;13.2;227;13.9;1010.9;14.0;225;9.6;1013.8
2018-10-09;15:00:00;14.3;200;3.0;1018.1;14.7;223;4.3;1014.0;12.4;220;7.0;1014.2;13.1;225;13.4;1010.9;14.1;229;9.8;1014.0
2018-10-09;16:00:00;14.3;200;4.0;1018.4;14.4;219;3.2;1014.2;12.4;220;8.0;1014.4;13.0;227;15.4;1010.9;14.0;224;10.3;1014.1
2018-10-09;17:00:00;14.1;190;3.0;1018.7;14.3;226;4.1;1015.0;12.3;220;7.0;1014.6;13.0;222;15.1;1011.0;13.9;236;10.7;1014.8
2018-10-09;18:00:00;14.1;200;4.0;1019.1;14.0;221;4.3;1015.4;12.3;220;6.0;1015.1;13.1;226;15.3;1011.8;13.6;225;11.3;1015.0
2018-10-09;19:00:00;14.0;220;5.0;1019.7;14.2;221;4.4;1015.7;12.4;220;7.0;1015.4;13.1;223;15.5;1012.0;13.6;223;10.4;1015.5
2018-10-09;20:00:00;13.6;220;5.0;1019.9;14.1;216;4.1;1016.2;12.4;220;7.0;1015.8;13.1;225;15.3;1012.6;13.6;217;9.8;1015.9
2018-10-09;21:00:00;13.5;210;4.0;1020.3;14.0;215;4.3;1016.6;12.3;220;7.0;1016.1;13.0;225;15.0;1013.2;13.6;225;10.8;1016.3
2018-10-09;22:00:00;13.1;210;3.0;1020.5;14.0;216;3.4;1016.9;12.2;220;7.0;1016.2;13.0;228;15.4;1013.4;13.5;224;10.4;1016.6
2018-10-09;23:00:00;12.5;220;3.0;1020.5;13.7;221;2.9;1017.2;11.8;230;7.0;1016.5;12.9;229;14.4;1014.1;13.4;227;10.5;1016.9
2018-10-10;00:00:00;11.6;140;2.0;1020.7;13.7;215;3.0;1017.9;11.9;230;8.0;1016.3;12.9;229;13.0;1014.4;13.4;237;9.6;1017.6
2018-10-10;01:00:00;11.5;200;3.0;1021.4;13.5;206;2.7;1018.2;12.0;240;6.0;1017.5;13.0;242;12.1;1015.3;13.1;232;8.4;1017.8
2018-10-10;02:00:00;11.3;210;2.0;1021.3;13.3;215;2.5;1018.9;11.8;230;6.0;1017.7;13.1;237;12.1;1015.2;13.1;224;8.3;1018.6
2018-10-10;03:00:00;8.5;170;1.0;1021.7;13.2;211;2.8;1019.0;11.7;260;6.0;1018.9;13.0;233;11.4;1015.7;12.9;216;7.7;1018.9
2018-10-10;04:00:00;8.7;200;2.0;1021.9;12.5;217;2.3;1019.3;11.5;240;5.0;1018.9;12.9;228;12.3;1016.0;12.6;212;8.2;1019.1
2018-10-10;05:00:00;8.4;200;2.0;1022.1;12.8;214;2.9;1019.8;10.9;230;5.0;1019.1;12.9;230;10.4;1016.9;12.4;222;8.8;1019.6
2018-10-10;06:00:00;6.3;110;2.0;1022.7;12.7;220;2.8;1020.5;11.2;230;5.0;1020.2;12.8;220;9.6;1017.9;12.3;221;9.0;1020.1
2018-10-10;07:00:00;9.4;100;1.0;1023.5;12.8;228;2.5;1021.5;11.6;230;6.0;1021.2;12.8;213;7.9;1019.2;12.3;225;7.4;1021.2
2018-10-10;08:00:00;11.4;140;2.0;1024.0;12.8;210;2.5;1022.3;12.0;220;5.0;1022.1;12.8;212;9.0;1020.2;12.3;223;5.6;1022.1
2018-10-10;09:00:00;13.0;150;2.0;1024.3;13.0;227;2.3;1023.2;12.6;230;4.0;1022.9;13.0;210;9.4;1021.2;12.0;217;5.9;1022.9
2018-10-10;10:00:00;15.0;130;3.0;1024.8;13.4;208;2.5;1023.8;13.1;230;5.0;1023.6;13.0;215;9.9;1021.7;11.8;212;5.4;1023.6
2018-10-10;11:00:00;16.1;120;2.0;1024.6;13.6;194;3.0;1023.9;13.6;240;4.0;1023.6;12.2;222;10.8;1021.9;11.8;206;6.7;1023.6
2018-10-10;12:00:00;17.1;150;3.0;1024.4;13.9;199;2.4;1024.0;14.8;220;5.0;1023.6;12.0;220;9.9;1022.2;12.3;189;6.1;1023.5
2018-10-10;13:00:00;17.7;130;2.0;1024.2;14.5;212;2.2;1023.8;15.9;220;3.0;1023.4;11.8;222;8.5;1022.4;11.8;175;6.3;1023.6
2018-10-10;14:00:00;17.9;140;1.0;1023.8;14.6;171;3.0;1023.7;16.4;200;3.0;1023.5;11.8;200;6.7;1022.7;12.1;166;6.0;1023.4
2018-10-10;15:00:00;17.2;130;3.0;1023.7;13.6;176;2.5;1023.7;16.3;230;3.0;1023.6;12.5;184;7.2;1022.6;11.7;171;5.5;1023.5
2018-10-10;16:00:00;15.5;140;1.0;1023.7;13.2;194;1.2;1023.7;13.4;180;1.0;1024.1;12.1;173;8.1;1023.1;11.8;170;5.2;1023.5
2018-10-10;17:00:00;12.3;0;0.0;1024.2;12.1;0;0.0;1024.0;9.5;0;0.0;1025.1;12.0;183;5.5;1023.4;11.4;164;4.7;1023.7
2018-10-10;18:00:00;10.8;0;0.0;1024.4;11.2;127;0.6;1024.2;7.1;0;0.0;1025.6;11.6;179;5.0;1023.8;11.2;166;4.7;1024.0
2018-10-10;19:00:00;9.5;120;1.0;1024.5;10.0;0;0.0;1024.7;5.8;0;0.0;1025.7;11.0;175;4.9;1024.1;11.7;168;4.8;1024.1
2018-10-10;20:00:00;9.6;0;0.0;1024.7;9.3;40;1.3;1024.7;4.6;0;0.0;1026.2;11.1;165;6.0;1024.4;10.8;154;2.5;1024.3
2018-10-10;21:00:00;9.3;110;2.0;1024.6;8.4;43;1.2;1024.6;4.0;0;0.0;1026.8;10.9;136;6.1;1024.7;10.5;64;2.2;1024.3
2018-10-10;22:00:00;9.5;100;2.0;1024.4;8.0;37;0.7;1024.3;2.9;0;0.0;1027.0;10.9;129;4.0;1024.4;11.1;85;3.0;1023.7
2018-10-10;23:00:00;9.6;110;4.0;1024.2;7.7;29;0.7;1024.3;2.7;0;0.0;1026.9;10.8;102;3.8;1024.2;11.6;99;3.4;1023.7
2018-10-11;00:00:00;10.3;100;4.0;1024.0;7.8;357;0.6;1024.3;2.0;0;0.0;1026.7;10.4;105;3.2;1024.4;12.0;118;4.6;1023.6
2018-10-11;01:00:00;10.1;100;3.0;1023.6;7.6;0;0.0;1024.1;1.7;0;0.0;1026.7;10.2;80;4.2;1024.3;12.0;113;4.4;1023.4
2018-10-11;02:00:00;10.1;80;3.0;1023.1;7.4;5;0.9;1023.9;1.2;0;0.0;1026.5;9.8;69;5.0;1023.7;11.8;116;4.9;1023.1
2018-10-11;03:00:00;10.4;100;3.0;1022.5;7.5;0;0.0;1023.5;0.8;0;0.0;1026.2;10.3;83;4.8;1023.3;11.5;102;4.4;1022.8
2018-10-11;04:00:00;10.6;100;6.0;1022.1;7.9;52;1.0;1023.2;0.7;0;0.0;1026.1;10.4;89;5.0;1022.9;11.5;99;5.6;1022.3
2018-10-11;05:00:00;11.1;100;6.0;1021.8;8.8;53;1.6;1022.9;0.4;0;0.0;1026.1;10.1;89;4.7;1022.8;11.6;106;5.8;1022.0
2018-10-11;06:00:00;11.3;90;6.0;1021.5;9.4;67;1.6;1022.5;0.7;0;0.0;1026.1;10.4;101;7.2;1022.3;12.0;101;5.6;1021.6
2018-10-11;07:00:00;12.1;100;6.0;1021.6;10.7;33;1.5;1022.2;4.8;0;0.0;1025.7;10.5;97;6.8;1022.2;12.5;114;7.8;1021.3
2018-10-11;08:00:00;13.7;100;6.0;1021.6;14.6;98;1.6;1022.0;10.2;0;0.0;1025.0;11.1;96;7.0;1022.0;14.0;119;9.2;1020.9
2018-10-11;09:00:00;15.6;110;7.0;1021.3;16.7;122;2.5;1021.9;13.2;150;1.0;1024.6;12.2;82;5.9;1021.9;15.0;123;9.8;1020.7
2018-10-11;10:00:00;16.8;110;8.0;1021.0;17.9;130;3.2;1021.6;16.2;140;4.0;1023.8;13.9;92;6.7;1021.4;15.6;117;8.0;1020.5
2018-10-11;11:00:00;19.1;120;9.0;1020.4;19.4;126;4.3;1020.8;17.1;150;6.0;1023.5;15.1;101;6.9;1020.9;16.6;121;7.4;1020.0
2018-10-11;12:00:00;20.2;120;11.0;1019.4;20.3;125;2.9;1020.2;18.2;150;5.0;1022.9;16.0;107;7.6;1020.1;17.6;127;8.7;1019.2
2018-10-11;13:00:00;20.0;120;11.0;1018.8;20.7;139;4.2;1019.8;18.2;150;6.0;1022.1;16.8;111;8.3;1019.8;18.1;125;9.1;1018.8
2018-10-11;14:00:00;19.7;120;10.0;1018.4;20.9;131;3.3;1019.2;18.1;150;4.0;1021.7;17.4;94;8.2;1019.1;17.8;127;7.6;1018.3
2018-10-11;15:00:00;17.7;110;8.0;1018.3;20.1;113;3.5;1018.4;17.2;130;4.0;1021.5;16.9;83;7.5;1018.5;17.6;116;7.3;1017.9
2018-10-11;16:00:00;15.0;110;7.0;1018.3;18.8;103;1.6;1018.1;14.3;120;4.0;1021.8;16.2;89;9.3;1017.7;17.1;117;6.3;1017.6
2018-10-11;17:00:00;13.5;120;6.0;1018.6;17.6;136;1.9;1018.5;13.0;110;4.0;1021.5;15.4;89;9.0;1017.7;16.4;130;7.6;1017.6
2018-10-11;18:00:00;12.8;110;6.0;1019.1;16.5;123;2.3;1018.4;12.1;130;3.0;1021.5;14.9;101;9.1;1017.8;15.5;135;6.6;1017.9
2018-10-11;19:00:00;12.5;110;6.0;1019.2;16.2;136;3.8;1018.6;11.2;130;3.0;1021.4;14.2;102;6.8;1018.2;15.1;138;6.3;1018.0
2018-10-11;20:00:00;12.7;90;4.0;1019.2;15.8;132;3.5;1018.7;11.0;150;3.0;1021.5;14.1;99;7.3;1018.2;14.6;147;6.6;1018.1
2018-10-11;21:00:00;12.8;100;3.0;1019.5;15.0;135;2.8;1018.7;10.8;180;3.0;1021.9;14.0;102;7.8;1018.4;14.3;136;6.8;1018.1
2018-10-11;22:00:00;12.3;100;4.0;1019.3;14.8;125;2.8;1018.8;10.3;150;4.0;1021.7;13.2;94;6.8;1018.6;14.2;134;6.7;1018.0
2018-10-11;23:00:00;11.9;100;4.0;1019.2;14.1;124;2.8;1018.6;10.4;150;4.0;1021.6;12.7;91;6.8;1018.4;14.5;129;7.8;1017.8
2018-10-12;00:00:00;11.9;100;3.0;1019.2;12.7;74;1.9;1018.4;10.2;150;3.0;1021.4;12.5;93;5.7;1018.2;13.7;131;7.4;1017.7
2018-10-12;01:00:00;11.2;90;3.0;1019.0;12.4;92;1.5;1018.1;9.8;150;5.0;1021.0;12.3;86;5.7;1017.8;13.6;132;7.5;1017.1
2018-10-12;02:00:00;10.1;90;4.0;1019.1;11.8;60;0.6;1018.1;10.1;150;5.0;1020.4;12.1;104;8.3;1017.2;13.5;135;7.3;1017.3
2018-10-12;03:00:00;10.6;100;3.0;1018.8;12.7;114;2.7;1017.8;10.4;160;4.0;1020.2;12.1;99;6.8;1017.3;13.4;141;7.8;1017.1
2018-10-12;04:00:00;10.3;90;3.0;1019.1;11.2;30;0.7;1018.0;10.4;160;5.0;1020.3;11.7;97;8.0;1016.9;13.1;139;6.7;1017.3
2018-10-12;05:00:00;10.1;120;4.0;1019.0;11.1;13;1.2;1018.1;10.1;170;3.0;1020.6;11.5;101;7.2;1017.2;12.7;133;6.9;1017.2
2018-10-12;06:00:00;10.8;100;4.0;1019.2;11.4;85;2.1;1018.1;9.6;160;3.0;1020.8;11.8;106;7.4;1017.0;12.8;137;7.0;1017.4
2018-10-12;07:00:00;12.2;100;3.0;1019.5;12.4;59;0.7;1018.2;10.4;160;4.0;1020.7;11.3;99;7.1;1017.2;13.0;139;7.6;1017.6
2018-10-12;08:00:00;14.1;130;4.0;1020.3;14.4;113;1.5;1018.7;12.3;170;3.0;1020.8;12.1;108;6.1;1017.7;13.1;143;7.7;1017.9
2018-10-12;09:00:00;16.0;140;5.0;1020.2;16.1;151;3.9;1018.5;14.1;160;5.0;1020.7;13.0;111;4.8;1018.1;14.3;155;10.5;1017.6
2018-10-12;10:00:00;17.4;150;6.0;1020.4;17.5;177;3.1;1018.8;16.3;160;5.0;1020.3;13.5;130;4.9;1018.2;14.5;160;10.7;1018.1
2018-10-12;11:00:00;18.4;140;7.0;1020.5;19.5;161;2.2;1018.6;17.8;180;4.0;1020.2;14.2;134;5.8;1017.6;14.6;159;11.5;1017.8
2018-10-12;12:00:00;19.2;160;6.0;1020.5;19.7;174;6.3;1018.4;19.5;170;4.0;1020.0;15.2;153;8.1;1017.1;14.4;164;11.7;1017.6
2018-10-12;13:00:00;19.5;160;5.0;1020.4;19.0;175;5.3;1018.7;19.5;190;6.0;1019.5;14.4;165;13.2;1017.4;14.5;163;10.5;1017.8
2018-10-12;14:00:00;19.3;160;5.0;1020.8;18.4;178;4.9;1018.9;19.7;180;4.0;1019.5;13.9;164;11.0;1017.3;14.3;164;10.1;1018.3
2018-10-12;15:00:00;17.7;170;3.0;1021.1;17.7;177;3.8;1019.0;18.7;180;4.0;1019.7;13.8;174;10.4;1018.1;14.2;171;10.1;1018.6
2018-10-12;16:00:00;15.4;160;2.0;1022.0;16.9;188;3.2;1019.9;16.8;180;2.0;1020.6;13.6;173;8.4;1018.5;13.9;174;9.2;1019.3
2018-10-12;17:00:00;13.6;150;3.0;1022.4;16.0;161;1.6;1020.1;15.8;170;4.0;1020.9;13.5;161;7.7;1018.4;13.8;173;8.3;1019.5
2018-10-12;18:00:00;13.1;120;3.0;1022.6;14.9;167;2.6;1020.1;15.1;180;5.0;1021.2;13.4;162;7.6;1018.5;13.8;177;8.7;1019.6
2018-10-12;19:00:00;11.1;140;2.0;1022.5;14.4;161;2.3;1020.4;13.9;180;4.0;1021.4;13.3;163;7.4;1018.4;13.7;174;7.8;1019.7
2018-10-12;20:00:00;9.6;90;1.0;1022.9;14.2;159;2.9;1020.4;12.7;190;3.0;1022.0;13.5;172;7.6;1019.0;13.7;174;8.4;1020.0
2018-10-12;21:00:00;10.1;0;0.0;1022.9;14.1;168;2.2;1021.1;11.9;180;3.0;1022.5;13.8;174;8.1;1018.8;13.6;173;7.1;1020.5
2018-10-12;22:00:00;9.7;120;2.0;1022.6;14.3;157;3.8;1020.4;11.0;190;2.0;1022.6;13.8;170;8.9;1018.2;13.5;158;8.9;1019.7
2018-10-12;23:00:00;9.9;120;2.0;1022.5;14.5;154;3.5;1020.3;10.3;180;3.0;1022.6;13.9;165;9.6;1017.8;13.7;158;9.1;1019.5
2018-10-13;00:00:00;9.6;120;2.0;1022.4;14.6;153;3.7;1020.0;10.0;180;3.0;1022.7;13.9;163;12.1;1017.6;13.8;162;10.4;1019.1
2018-10-13;01:00:00;9.6;120;1.0;1022.4;15.2;158;4.0;1019.7;9.9;180;2.0;1022.5;14.2;166;12.5;1016.9;13.9;164;10.8;1018.7
2018-10-13;02:00:00;9.7;110;2.0;1022.2;15.2;157;4.5;1019.2;9.9;170;2.0;1022.2;14.1;164;12.6;1016.6;13.9;163;10.6;1018.3
2018-10-13;03:00:00;10.3;120;2.0;1021.9;15.6;155;3.9;1019.1;10.0;180;2.0;1022.1;14.2;169;12.1;1016.9;14.2;167;10.8;1018.3
2018-10-13;04:00:00;9.9;130;3.0;1022.1;15.4;165;2.4;1019.6;10.2;180;3.0;1022.2;14.4;171;11.7;1016.5;14.4;175;10.5;1018.7
2018-10-13;05:00:00;9.9;130;4.0;1022.5;16.0;160;3.7;1019.2;10.3;180;4.0;1022.0;14.3;171;11.4;1016.4;14.2;174;10.1;1018.6
2018-10-13;06:00:00;10.2;130;3.0;1022.2;15.4;172;2.9;1019.5;10.9;170;3.0;1021.4;14.4;169;12.2;1016.2;14.0;174;9.5;1018.8
2018-10-13;07:00:00;13.7;0;0.0;1022.5;15.5;162;3.0;1019.4;11.9;180;4.0;1021.7;14.5;170;11.7;1016.3;14.0;168;9.9;1018.4
2018-10-13;08:00:00;15.3;130;5.0;1022.3;16.1;170;4.5;1019.5;13.6;180;4.0;1021.6;14.4;173;11.8;1016.5;14.0;170;9.3;1018.9
2018-10-13;09:00:00;17.6;150;3.0;1022.1;17.8;167;3.7;1019.8;15.4;180;4.0;1021.2;14.6;176;12.0;1016.9;14.3;173;10.0;1019.1
2018-10-13;10:00:00;18.8;150;5.0;1022.2;18.4;179;3.4;1019.8;17.6;180;4.0;1020.8;14.4;171;11.6;1016.9;14.4;172;10.6;1019.2
2018-10-13;11:00:00;19.6;160;6.0;1022.1;19.3;181;3.6;1019.6;18.9;190;5.0;1020.7;14.4;169;12.2;1017.0;14.4;168;10.7;1018.8
2018-10-13;12:00:00;20.3;160;6.0;1021.7;19.0;165;2.8;1019.4;19.8;190;5.0;1020.5;14.6;167;12.8;1016.8;14.4;170;10.0;1018.8
2018-10-13;13:00:00;20.2;170;4.0;1021.5;19.3;169;3.8;1019.2;21.2;200;5.0;1020.2;14.4;169;12.1;1016.6;14.5;168;10.2;1018.6
2018-10-13;14:00:00;20.3;160;5.0;1021.2;19.6;170;4.0;1019.1;20.8;190;4.0;1020.1;14.4;169;11.9;1016.5;14.7;164;9.4;1018.3
2018-10-13;15:00:00;20.5;150;4.0;1020.9;20.0;168;3.9;1018.6;20.2;180;3.0;1020.0;14.4;165;12.2;1016.1;14.7;169;9.7;1017.8
2018-10-13;16:00:00;17.7;140;4.0;1020.6;19.5;159;3.2;1018.2;19.2;170;4.0;1020.0;14.6;162;12.8;1015.9;14.7;162;9.1;1017.5
2018-10-13;17:00:00;15.8;130;4.0;1020.7;19.1;157;4.0;1018.1;18.0;170;3.0;1020.1;14.7;167;11.9;1015.8;14.7;167;10.8;1017.3
2018-10-13;18:00:00;13.9;130;3.0;1020.8;18.8;155;4.9;1018.2;17.6;170;4.0;1020.3;14.6;167;12.5;1015.7;14.6;168;10.8;1017.4
2018-10-13;19:00:00;13.5;110;3.0;1020.6;18.2;159;4.4;1018.1;16.6;170;4.0;1020.3;14.8;168;12.9;1015.5;14.4;166;10.1;1017.4
2018-10-13;20:00:00;13.1;120;2.0;1020.3;17.9;159;4.0;1017.9;15.6;170;3.0;1020.1;14.4;165;11.5;1015.7;14.6;167;10.2;1017.1
2018-10-13;21:00:00;14.1;130;4.0;1020.0;17.6;152;3.5;1017.8;14.6;170;4.0;1020.2;14.4;168;11.2;1015.8;14.4;167;10.3;1016.9
2018-10-13;22:00:00;13.1;130;4.0;1019.9;17.6;154;2.6;1017.8;13.4;180;2.0;1020.3;14.4;167;12.0;1015.5;14.6;168;10.1;1016.9
2018-10-13;23:00:00;12.1;120;3.0;1019.6;17.9;152;4.1;1017.5;12.6;190;3.0;1020.2;14.4;166;11.9;1015.1;14.8;169;12.0;1016.4
2018-10-14;00:00:00;11.1;130;2.0;1019.6;18.0;157;3.7;1017.3;11.1;200;2.0;1020.4;14.4;164;12.3;1014.8;14.6;165;11.7;1016.2
2018-10-14;01:00:00;10.4;130;3.0;1019.3;17.8;153;4.1;1016.9;10.4;210;3.0;1020.2;14.4;165;13.1;1014.3;14.5;163;11.9;1015.9
2018-10-14;02:00:00;10.5;130;3.0;1018.9;17.2;152;4.8;1016.7;10.8;200;2.0;1019.9;14.5;163;12.4;1013.8;14.5;161;11.7;1015.5
2018-10-14;03:00:00;10.5;110;2.0;1018.7;16.7;154;4.1;1016.2;10.5;180;3.0;1019.3;14.6;160;14.0;1013.5;14.5;160;12.1;1015.0
2018-10-14;04:00:00;9.9;130;2.0;1018.0;16.1;153;4.3;1015.5;10.5;180;2.0;1018.9;14.8;159;13.8;1012.9;14.4;158;11.5;1014.5
2018-10-14;05:00:00;10.0;120;3.0;1017.2;15.2;145;4.0;1014.9;9.9;170;3.0;1018.3;14.8;161;14.1;1012.5;14.6;160;11.9;1014.1
2018-10-14;06:00:00;9.7;110;3.0;1017.1;14.7;147;3.3;1014.6;10.3;160;4.0;1017.9;14.7;161;13.8;1012.1;14.5;156;12.6;1013.4
2018-10-14;07:00:00;12.0;100;4.0;1017.0;15.1;146;3.4;1014.5;10.9;160;5.0;1017.9;14.7;165;13.0;1012.4;14.6;158;11.8;1013.4
2018-10-14;08:00:00;13.6;120;7.0;1016.7;16.5;155;4.3;1014.4;12.5;160;5.0;1017.6;14.9;160;13.8;1012.5;14.6;160;11.7;1013.6
2018-10-14;09:00:00;15.6;120;7.0;1016.0;17.6;153;4.0;1014.3;14.7;160;5.0;1016.9;14.9;159;13.3;1012.4;14.8;161;12.3;1013.5
2018-10-14;10:00:00;17.6;130;8.0;1015.3;19.1;167;3.3;1013.9;16.4;160;6.0;1016.2;14.7;166;14.6;1012.2;14.5;163;12.8;1013.1
2018-10-14;11:00:00;18.9;130;8.0;1014.6;20.6;173;4.4;1013.4;18.3;170;4.0;1015.5;14.6;159;14.5;1011.9;14.6;164;12.7;1012.8
2018-10-14;12:00:00;19.2;140;8.0;1014.4;20.9;166;6.7;1012.7;19.1;170;5.0;1014.7;14.7;159;14.1;1011.3;15.1;161;11.5;1012.1
2018-10-14;13:00:00;18.8;160;7.0;1014.2;21.3;158;5.8;1012.0;19.0;170;5.0;1014.1;14.9;158;15.5;1010.5;15.3;170;10.2;1011.7
2018-10-14;14:00:00;17.9;150;8.0;1013.6;20.9;171;3.3;1011.4;18.7;160;6.0;1013.7;15.2;160;15.2;1010.2;15.1;168;11.2;1010.9
2018-10-14;15:00:00;16.7;140;7.0;1013.3;20.1;149;4.0;1010.7;17.4;170;5.0;1013.6;14.9;156;14.1;1009.6;14.4;170;10.0;1010.5
2018-10-14;16:00:00;15.1;140;6.0;1013.1;19.0;165;2.7;1010.7;15.7;150;5.0;1012.8;14.3;163;11.2;1009.2;14.6;171;11.8;1010.0
2018-10-14;17:00:00;14.1;130;5.0;1012.8;17.2;182;2.4;1010.8;14.7;160;5.0;1012.6;14.4;165;14.1;1008.8;14.4;171;13.4;1009.8
2018-10-14;18:00:00;13.4;130;4.0;1012.9;16.2;165;4.5;1010.9;13.7;180;5.0;1013.0;14.3;165;14.9;1008.6;14.4;166;12.7;1009.7
2018-10-14;19:00:00;12.9;120;3.0;1013.1;15.9;155;4.7;1010.6;12.7;180;4.0;1013.0;14.2;162;15.4;1008.3;14.4;162;13.7;1009.2
2018-10-14;20:00:00;13.9;130;5.0;1012.6;16.3;168;5.0;1010.8;12.1;180;5.0;1013.0;14.0;164;14.4;1008.4;14.2;166;12.2;1009.6
2018-10-14;21:00:00;12.8;120;3.0;1013.1;16.6;171;4.4;1010.6;11.6;170;5.0;1013.1;13.9;168;13.3;1008.4;14.5;170;12.3;1009.7
2018-10-14;22:00:00;12.6;120;3.0;1013.2;16.7;171;4.0;1010.6;11.2;180;4.0;1013.2;14.1;167;12.6;1008.4;14.4;173;11.8;1009.8
2018-10-14;23:00:00;12.8;130;4.0;1013.3;17.0;173;3.7;1010.6;10.4;180;4.0;1013.3;14.0;169;11.6;1008.4;14.4;174;10.4;1009.7
2018-10-15;00:00:00;11.3;120;3.0;1013.4;16.4;169;3.1;1010.7;10.2;180;4.0;1013.4;13.9;171;9.4;1008.5;14.3;177;9.4;1010.1
2018-10-15;01:00:00;10.1;110;1.0;1013.5;15.3;188;2.1;1011.1;10.0;180;3.0;1013.6;14.0;172;10.7;1008.8;14.0;174;8.6;1010.4
2018-10-15;02:00:00;9.5;100;2.0;1013.5;15.3;166;2.3;1011.1;9.5;190;3.0;1013.6;14.2;174;9.9;1008.8;14.1;174;9.4;1010.4
2018-10-15;03:00:00;8.9;120;2.0;1013.7;14.9;170;1.9;1011.0;10.3;180;2.0;1013.7;13.9;170;9.9;1008.8;13.8;166;8.3;1010.4
2018-10-15;04:00:00;9.1;120;2.0;1013.5;14.9;168;2.3;1011.2;9.7;180;2.0;1014.0;13.7;173;9.2;1008.9;14.0;168;9.4;1010.4
2018-10-15;05:00:00;8.6;120;2.0;1013.7;14.9;152;3.2;1011.4;10.0;160;5.0;1013.8;13.7;172;10.0;1009.4;13.9;169;10.1;1010.6
2018-10-15;06:00:00;7.8;110;3.0;1014.1;14.7;157;2.7;1011.8;9.7;170;4.0;1014.0;13.7;185;7.7;1010.0;13.6;168;8.7;1011.2
2018-10-15;07:00:00;11.1;110;3.0;1014.1;15.0;174;2.0;1012.4;10.7;180;2.0;1014.2;13.6;178;8.6;1010.5;13.5;166;8.3;1012.0
2018-10-15;08:00:00;13.1;120;4.0;1014.2;16.4;159;1.4;1012.7;13.1;180;4.0;1014.3;13.5;198;7.0;1011.0;13.7;173;8.9;1012.3
2018-10-15;09:00:00;15.3;130;5.0;1014.4;17.2;174;2.9;1013.0;15.3;170;3.0;1013.8;13.0;195;6.9;1011.7;13.8;168;9.7;1012.2
2018-10-15;10:00:00;16.3;140;4.0;1014.1;17.8;158;3.1;1013.2;17.0;170;3.0;1013.7;12.9;189;7.0;1011.8;14.0;171;7.6;1012.9
2018-10-15;11:00:00;18.0;150;5.0;1013.9;19.0;190;2.2;1012.8;18.7;170;5.0;1013.4;13.0;182;8.2;1012.0;14.0;169;5.5;1012.8
2018-10-15;12:00:00;18.8;160;3.0;1014.1;18.8;190;2.2;1012.6;19.7;200;6.0;1013.1;13.0;187;6.9;1012.1;14.1;174;5.8;1012.9
2018-10-15;13:00:00;18.9;160;3.0;1013.9;17.5;228;2.6;1012.9;19.7;190;5.0;1012.8;12.9;185;6.6;1012.0;13.9;178;5.8;1013.0
2018-10-15;14:00:00;18.7;140;4.0;1014.0;16.3;226;2.9;1013.1;19.7;200;4.0;1012.8;13.0;199;6.4;1012.2;13.7;187;4.2;1012.9
2018-10-15;15:00:00;17.8;160;4.0;1014.1;15.6;222;2.3;1013.3;18.4;170;3.0;1013.2;12.8;214;5.9;1012.4;13.6;174;3.9;1013.1
2018-10-15;16:00:00;14.4;140;3.0;1014.2;14.5;217;1.3;1013.5;16.1;180;3.0;1013.5;12.4;197;5.1;1012.9;13.3;160;5.0;1013.1
2018-10-15;17:00:00;13.4;140;1.0;1014.9;14.0;197;1.6;1013.8;15.1;180;4.0;1013.7;12.2;209;4.7;1013.1;13.2;174;4.7;1013.7
2018-10-15;18:00:00;10.3;80;1.0;1014.9;13.2;217;1.1;1014.0;14.0;190;3.0;1014.1;12.2;212;5.2;1013.6;13.0;240;3.3;1013.9
2018-10-15;19:00:00;10.5;110;2.0;1015.1;12.7;228;1.1;1014.3;12.8;180;3.0;1014.2;12.0;204;4.6;1014.2;13.0;243;2.8;1014.3
2018-10-15;20:00:00;10.0;350;1.0;1015.6;13.0;221;1.2;1014.7;11.6;190;3.0;1014.5;12.0;219;2.6;1014.0;12.4;309;3.6;1014.6
2018-10-15;21:00:00;8.5;0;0.0;1015.6;12.8;306;0.7;1014.8;10.3;210;2.0;1015.4;11.2;210;3.1;1014.3;12.4;330;3.6;1014.8
2018-10-15;22:00:00;8.9;0;0.0;1015.3;12.8;70;0.9;1014.8;10.2;230;2.0;1015.2;10.4;265;3.7;1014.5;12.3;39;1.6;1014.5
2018-10-15;23:00:00;9.1;0;0.0;1015.3;12.3;0;0.0;1014.8;9.7;150;1.0;1015.4;10.7;264;2.8;1015.1;12.3;334;0.7;1015.0
2018-10-16;00:00:00;7.6;110;1.0;1015.4;12.4;0;0.0;1015.1;6.8;0;0.0;1015.8;11.0;277;3.7;1015.7;12.4;334;1.9;1015.2
2018-10-16;01:00:00;7.0;130;3.0;1015.6;12.2;326;1.2;1015.5;5.9;170;1.0;1015.9;11.3;301;3.9;1015.6;12.6;348;4.7;1015.5
2018-10-16;02:00:00;7.0;130;2.0;1015.9;12.0;20;0.8;1015.4;5.1;250;1.0;1016.3;11.3;356;1.6;1015.5;12.2;5;5.0;1015.5
2018-10-16;03:00:00;6.6;130;1.0;1016.0;12.0;70;0.7;1015.6;3.9;0;0.0;1016.9;11.5;15;2.7;1015.7;12.0;27;3.7;1015.2
2018-10-16;04:00:00;7.4;150;1.0;1016.4;11.7;13;0.5;1015.8;3.7;190;1.0;1017.1;10.9;74;2.9;1016.1;11.7;36;2.2;1015.9
2018-10-16;05:00:00;6.5;100;1.0;1016.3;12.0;52;1.1;1016.4;6.1;0;0.0;1017.1;10.8;74;2.8;1016.4;11.5;21;3.0;1016.2
2018-10-16;06:00:00;8.7;300;1.0;1016.7;12.1;59;1.2;1016.8;5.7;0;0.0;1017.4;10.0;77;4.0;1017.3;11.5;26;3.0;1016.8
2018-10-16;07:00:00;10.4;120;1.0;1017.3;12.2;70;0.9;1017.2;6.6;0;0.0;1018.1;9.2;76;5.2;1017.5;11.6;62;2.3;1017.2
2018-10-16;08:00:00;12.5;0;0.0;1017.5;12.3;61;1.4;1017.6;8.3;0;0.0;1018.0;8.9;69;4.3;1017.8;11.9;104;2.1;1017.4
2018-10-16;09:00:00;15.0;120;1.0;1017.7;13.0;56;1.0;1017.6;9.7;0;0.0;1018.2;9.6;69;2.0;1018.2;12.4;89;1.6;1017.4
2018-10-16;10:00:00;15.7;80;1.0;1018.0;14.0;46;1.1;1017.4;12.7;0;0.0;1017.8;10.5;57;2.1;1018.2;12.8;101;1.6;1017.3
2018-10-16;11:00:00;17.0;120;2.0;1017.7;14.7;47;1.2;1017.2;14.4;130;1.0;1017.7;11.0;39;1.9;1017.7;13.9;0;0.0;1017.2
2018-10-16;12:00:00;17.8;140;3.0;1017.5;15.3;311;1.1;1017.2;14.2;130;2.0;1017.4;11.4;2;2.3;1017.7;13.3;22;0.8;1017.2
2018-10-16;13:00:00;18.8;140;3.0;1017.5;15.8;236;0.6;1017.3;14.8;140;2.0;1017.4;11.2;345;3.9;1017.7;13.2;291;0.6;1017.5
2018-10-16;14:00:00;-;170;4.0;-;15.2;234;2.3;1017.3;16.0;130;2.0;1017.3;11.5;356;2.6;1017.3;12.7;197;1.1;1017.3
2018-10-16;15:00:00;-;190;2.0;-;14.5;244;0.9;1017.3;12.2;140;2.0;1017.7;12.0;47;2.4;1016.9;12.5;181;0.6;1017.2
2018-10-16;16:00:00;-;190;2.0;-;14.3;166;1.6;1017.2;11.2;150;1.0;1017.9;12.2;64;2.2;1017.1;12.3;165;1.9;1017.1
2018-10-16;17:00:00;-;80;1.0;-;14.3;156;1.9;1017.3;9.8;0;0.0;1018.4;12.3;109;3.8;1017.2;12.3;177;2.8;1017.3
2018-10-16;18:00:00;13.5;0;0.0;-;13.9;192;2.0;1017.7;11.0;150;2.0;1018.1;12.1;115;3.2;1017.2;12.3;221;3.2;1017.7
2018-10-16;19:00:00;-;150;1.0;-;13.4;212;2.2;1017.8;11.2;0;0.0;1018.0;12.2;142;3.5;1017.1;12.1;223;3.6;1017.7
2018-10-16;20:00:00;-;320;1.0;-;13.1;211;2.2;1017.9;10.4;170;2.0;1018.2;12.2;223;2.6;1016.9;12.4;211;3.7;1017.7
2018-10-16;21:00:00;-;0;0.0;-;12.4;181;2.5;1017.9;11.3;210;2.0;1018.2;12.1;218;2.9;1016.9;12.5;196;4.7;1017.7
2018-10-16;22:00:00;-;0;0.0;-;12.6;222;1.5;1018.2;13.3;220;2.0;1017.9;12.0;204;2.8;1016.8;12.9;223;3.4;1017.8
2018-10-16;23:00:00;-;0;0.0;-;13.3;191;1.8;1017.8;13.8;210;4.0;1017.5;12.1;169;5.2;1016.2;13.1;196;4.1;1017.5
2018-10-17;00:00:00;-;0;0.0;-;13.4;179;1.5;1017.7;13.7;220;6.0;1017.9;12.5;189;5.5;1016.4;13.1;193;5.3;1017.4
2018-10-17;01:00:00;-;0;0.0;-;13.4;192;1.7;1017.6;13.0;220;5.0;1018.0;12.6;203;6.3;1016.0;13.1;185;6.7;1017.2
2018-10-17;02:00:00;-;0;0.0;-;13.3;180;2.9;1017.2;12.6;220;5.0;1017.8;12.7;186;6.2;1015.6;13.2;175;6.8;1016.8
2018-10-17;03:00:00;-;130;3.0;-;13.6;185;2.7;1017.2;12.3;230;3.0;1018.0;12.7;185;7.1;1015.4;13.2;171;8.0;1016.6
2018-10-17;04:00:00;-;130;2.0;-;14.0;183;2.8;1017.2;12.1;210;4.0;1018.0;12.7;186;8.4;1015.1;13.4;189;9.0;1016.5
2018-10-17;05:00:00;-;130;3.0;-;14.3;199;2.8;1017.2;12.1;200;4.0;1018.1;13.0;190;7.5;1015.2;13.1;222;6.0;1017.0
2018-10-17;06:00:00;12.0;130;2.0;-;14.4;192;2.0;1017.3;12.1;200;4.0;1018.4;12.8;191;7.6;1015.2;13.3;190;4.0;1017.0
2018-10-17;07:00:00;-;130;3.0;-;14.2;185;2.9;1017.5;12.1;200;4.0;1018.6;12.7;195;8.7;1015.5;13.2;178;7.1;1017.1
2018-10-17;08:00:00;-;120;3.0;-;14.2;184;2.9;1017.8;12.8;210;5.0;1018.7;12.7;189;8.3;1015.8;13.2;174;9.7;1017.0
2018-10-17;09:00:00;-;120;3.0;-;14.5;177;2.3;1018.0;14.5;170;3.0;1018.6;12.4;186;8.1;1016.3;13.0;170;9.7;1017.2
2018-10-17;10:00:00;-;140;3.0;-;15.9;157;2.4;1017.8;15.4;160;4.0;1018.5;12.5;187;7.5;1016.4;12.8;169;9.5;1017.1
2018-10-17;11:00:00;-;140;2.0;-;16.0;169;2.8;1017.6;17.2;190;3.0;1017.9;12.4;187;6.1;1016.1;12.9;171;9.6;1016.9
2018-10-17;12:00:00;17.0;130;3.0;1019.0;16.4;163;2.3;1017.2;17.2;190;5.0;1017.6;13.0;-;-;1016.0;13.3;171;8.1;1016.6
2018-10-17;13:00:00;-;160;2.0;-;17.1;172;4.4;1017.0;18.2;200;5.0;1017.5;-;-;-;-;13.6;175;8.3;1016.8
2018-10-17;14:00:00;-;160;4.0;-;16.9;205;4.0;1017.3;17.3;200;5.0;1017.5;13.1;196;5.0;1016.0;13.7;183;6.2;1017.1
2018-10-17;15:00:00;16.8;160;3.0;1018.8;15.8;195;3.4;1017.4;16.5;180;3.0;1017.7;13.0;218;7.2;1015.9;13.6;181;5.9;1017.1
2018-10-17;16:00:00;15.2;140;1.0;1018.9;15.2;202;1.9;1017.4;15.1;180;3.0;1017.8;12.8;237;7.1;1016.0;13.6;208;4.4;1017.4
2018-10-17;17:00:00;13.0;140;3.0;1018.9;14.9;203;2.3;1017.7;13.6;170;3.0;1017.8;13.0;214;6.2;1016.2;13.5;219;3.2;1017.5
2018-10-17;18:00:00;12.6;130;1.0;1019.1;14.7;210;1.7;1018.0;13.3;180;3.0;1018.0;12.9;225;8.6;1016.2;13.5;238;2.6;1017.9
2018-10-17;19:00:00;11.9;140;2.0;1019.3;14.6;227;1.5;1018.4;13.0;210;3.0;1018.2;12.9;230;9.2;1016.4;13.2;293;3.5;1018.4
2018-10-17;20:00:00;10.7;0;0.0;1019.5;13.8;287;2.5;1018.6;13.6;230;4.0;1018.2;12.8;233;9.7;1016.8;13.2;279;2.2;1018.5
2018-10-17;21:00:00;10.2;0;0.0;1019.4;13.7;262;2.5;1018.5;13.1;230;3.0;1018.3;12.7;240;9.3;1016.7;12.9;281;4.2;1018.5
2018-10-17;22:00:00;9.2;0;0.0;1019.4;13.5;271;2.1;1018.8;12.9;230;3.0;1018.2;12.8;247;9.3;1016.8;12.9;262;3.0;1018.7
2018-10-17;23:00:00;8.9;0;0.0;1019.1;13.3;245;2.0;1018.9;12.8;240;3.0;1018.2;12.7;252;7.8;1016.8;12.9;270;3.1;1018.8
2018-10-18;00:00:00;9.3;0;0.0;1019.1;13.2;248;2.1;1018.5;12.6;220;2.0;1017.7;12.5;256;8.1;1016.8;12.8;274;3.5;1018.5
2018-10-18;01:00:00;9.5;0;0.0;1018.9;13.1;247;2.0;1018.5;12.3;220;2.0;1017.6;12.4;271;8.7;1016.9;12.8;279;4.4;1018.6
2018-10-18;02:00:00;10.4;0;0.0;1018.7;13.0;264;2.6;1018.5;12.4;240;2.0;1017.4;12.4;290;9.3;1017.0;12.6;294;5.6;1018.5
2018-10-18;03:00:00;10.8;0;0.0;1018.8;12.8;267;2.3;1018.6;12.6;230;2.0;1017.3;12.4;296;12.0;1017.1;12.5;303;7.6;1018.6
2018-10-18;04:00:00;10.9;0;0.0;1018.9;11.9;285;1.4;1018.8;12.0;270;3.0;1017.5;12.0;304;11.4;1017.5;12.3;315;8.5;1018.6
2018-10-18;05:00:00;12.4;310;4.0;1019.1;11.3;277;1.5;1018.9;11.3;270;2.0;1017.7;11.8;305;12.7;1017.8;12.1;315;8.3;1018.9
2018-10-18;06:00:00;11.6;310;3.0;1019.6;10.8;284;1.8;1019.5;10.8;260;2.0;1018.1;11.7;305;11.3;1018.5;11.9;316;8.6;1019.5
2018-10-18;07:00:00;12.3;310;4.0;1020.2;11.0;291;1.9;1020.0;9.9;270;3.0;1018.8;11.7;298;10.7;1019.3;12.0;322;8.7;1020.1
2018-10-18;08:00:00;12.1;320;5.0;1020.8;12.1;322;2.3;1020.7;10.1;0;0.0;1019.2;11.7;300;10.3;1020.2;12.2;324;8.6;1020.8
2018-10-18;09:00:00;13.3;320;6.0;1021.3;13.0;327;3.3;1021.4;11.2;320;3.0;1019.6;11.7;299;9.5;1020.7;12.4;321;8.7;1021.5
2018-10-18;10:00:00;13.7;320;6.0;1021.8;13.6;323;3.5;1021.3;12.2;-;-;1019.9;11.6;304;9.2;1021.0;12.6;330;8.0;1021.5
2018-10-18;11:00:00;13.0;320;7.0;1021.8;14.0;309;3.6;1021.4;12.2;320;4.0;1020.0;11.9;297;8.5;1021.2;12.5;329;8.2;1021.7
2018-10-18;12:00:00;13.3;320;7.0;1021.6;14.0;306;3.4;1021.5;12.3;290;4.0;1019.9;12.0;298;7.2;1021.2;12.9;327;7.8;1021.7
2018-10-18;13:00:00;12.9;300;7.0;1021.7;14.3;297;3.9;1021.5;12.5;300;4.0;1020.0;11.9;304;9.0;1021.1;12.6;322;7.2;1021.9
2018-10-18;14:00:00;12.3;310;8.0;1022.0;13.6;280;3.6;1021.7;12.0;290;4.0;1020.4;11.9;301;9.4;1021.1;12.3;314;6.5;1022.0
2018-10-18;15:00:00;11.4;310;6.0;1022.2;12.6;294;3.9;1022.0;10.8;310;2.0;1020.8;11.9;293;9.0;1021.3;11.8;314;7.3;1022.2
2018-10-18;16:00:00;9.5;310;5.0;1022.6;11.5;295;2.8;1022.3;8.4;320;2.0;1021.5;11.8;278;8.8;1021.6;11.4;319;6.8;1022.5
2018-10-18;17:00:00;6.7;310;4.0;1023.1;10.4;291;1.7;1022.7;3.3;270;1.0;1022.5;11.7;285;8.2;1021.9;11.3;319;5.6;1022.7
2018-10-18;18:00:00;6.8;310;3.0;1023.4;9.0;0;0.0;1023.0;1.6;0;0.0;1023.2;11.9;290;7.9;1022.1;11.3;325;5.1;1023.0
2018-10-18;19:00:00;5.3;310;3.0;1023.8;7.7;0;0.0;1023.5;0.3;0;0.0;1023.7;11.9;291;7.3;1022.5;11.4;340;4.4;1023.3
2018-10-18;20:00:00;7.3;310;1.0;1024.3;6.9;0;0.0;1024.0;-0.1;250;1.0;1024.1;11.9;295;5.1;1022.8;11.2;334;3.2;1023.8
2018-10-18;21:00:00;7.1;320;2.0;1024.7;6.1;70;0.7;1024.0;-0.6;250;1.0;1024.5;12.0;319;3.0;1022.8;10.7;319;1.6;1023.7
2018-10-18;22:00:00;2.8;140;2.0;1024.7;5.1;24;0.6;1024.0;-1.2;250;1.0;1024.6;11.4;354;2.3;1023.0;11.1;154;2.5;1023.7
2018-10-18;23:00:00;2.6;140;2.0;1024.8;4.5;0;0.0;1024.2;-1.9;0;0.0;1024.7;11.5;24;2.8;1023.2;11.2;220;2.3;1023.8
2018-10-19;00:00:00;1.8;0;0.0;1024.6;4.0;39;0.8;1024.1;-1.7;250;1.0;1024.6;11.3;46;1.7;1023.1;11.5;203;2.8;1023.7
2018-10-19;01:00:00;1.4;0;0.0;1024.6;3.5;36;1.1;1024.1;-2.5;260;1.0;1024.6;10.8;359;1.5;1023.3;11.5;203;4.3;1023.8
2018-10-19;02:00:00;1.0;120;1.0;1024.8;3.2;42;0.7;1024.2;-2.8;0;0.0;1024.8;10.4;41;2.6;1023.1;11.3;207;3.6;1023.6
2018-10-19;03:00:00;0.3;130;1.0;1024.6;3.5;50;0.9;1024.0;-2.7;0;0.0;1024.9;10.1;40;3.0;1023.0;11.1;217;4.1;1023.5
2018-10-19;04:00:00;0.0;120;2.0;1024.5;3.6;28;1.0;1023.8;-3.0;240;1.0;1024.7;8.9;68;3.8;1022.8;11.0;216;3.5;1023.3
2018-10-19;05:00:00;0.2;120;2.0;1024.6;4.1;25;0.9;1023.7;-2.2;250;2.0;1024.5;8.7;72;3.2;1022.8;10.6;233;2.0;1023.2
2018-10-19;06:00:00;0.8;140;2.0;1024.8;3.8;44;1.2;1023.8;-1.4;260;1.0;1024.7;8.2;89;1.9;1023.2;10.7;226;2.4;1023.4
2018-10-19;07:00:00;1.1;130;2.0;1025.1;4.2;32;0.7;1024.2;0.0;220;1.0;1024.9;9.3;124;1.9;1023.4;10.9;222;2.5;1023.7
2018-10-19;08:00:00;3.8;130;2.0;1025.2;5.8;43;0.8;1024.5;2.8;220;1.0;1025.0;9.1;47;1.8;1023.7;11.5;225;2.1;1024.0
2018-10-19;09:00:00;6.9;130;1.0;1025.4;9.8;145;1.1;1024.5;8.0;240;2.0;1024.7;9.2;66;1.7;1023.7;11.9;231;2.4;1024.2
2018-10-19;10:00:00;10.2;0;0.0;1025.2;11.4;170;1.6;1024.1;10.0;270;2.0;1024.2;9.5;99;1.6;1023.5;11.6;211;3.1;1023.9
2018-10-19;11:00:00;11.4;230;2.0;1025.1;12.8;155;2.4;1023.8;10.6;260;1.0;1023.8;10.4;172;1.2;1023.3;12.1;219;3.9;1023.9
2018-10-19;12:00:00;11.8;230;2.0;1024.8;13.2;196;2.7;1023.9;11.2;210;2.0;1023.4;11.0;298;0.8;1023.2;12.1;224;3.5;1023.9
2018-10-19;13:00:00;11.2;270;4.0;1024.6;12.4;202;2.3;1023.5;11.2;240;3.0;1023.2;11.0;130;0.8;1022.7;12.0;230;3.1;1023.5
2018-10-19;14:00:00;11.2;270;4.0;1024.3;12.0;224;2.1;1023.1;10.8;240;3.0;1022.8;12.0;0;0.0;1022.2;11.8;237;3.6;1023.0
2018-10-19;15:00:00;9.7;280;1.0;1023.9;11.5;222;2.1;1022.6;10.0;230;2.0;1022.7;10.8;229;0.5;1021.7;11.4;249;2.2;1022.6
2018-10-19;16:00:00;8.5;270;1.0;1023.7;10.4;212;1.8;1022.5;6.1;0;0.0;1022.8;10.7;199;1.7;1021.1;10.7;254;2.2;1022.4
2018-10-19;17:00:00;7.1;0;0.0;1023.9;10.1;192;1.1;1022.5;2.2;0;0.0;1023.2;10.9;204;3.6;1021.0;11.0;260;2.7;1022.5
2018-10-19;18:00:00;8.3;280;1.0;1024.0;9.8;174;1.2;1022.5;0.6;0;0.0;1023.2;10.7;231;8.2;1020.9;10.9;274;5.1;1022.5
2018-10-19;19:00:00;9.8;240;4.0;1024.2;10.3;253;2.3;1022.7;0.6;250;2.0;1023.4;10.8;233;6.8;1020.7;10.9;260;6.7;1022.6
2018-10-19;20:00:00;10.0;260;3.0;1024.0;10.7;243;3.8;1022.5;5.7;230;2.0;1022.9;11.4;256;10.0;1020.2;10.7;263;7.6;1022.7
2018-10-19;21:00:00;10.4;280;4.0;1023.8;10.6;253;3.5;1022.4;4.7;230;1.0;1022.6;11.4;261;9.1;1020.2;10.7;261;6.4;1022.5
2018-10-19;22:00:00;10.7;280;5.0;1023.8;10.1;246;2.5;1022.2;4.4;220;3.0;1022.5;11.3;260;10.9;1020.0;10.6;259;6.3;1022.2
2018-10-19;23:00:00;10.7;280;5.0;1023.8;10.3;245;3.5;1022.2;5.2;230;2.0;1022.3;11.3;262;12.3;1019.7;10.6;261;6.1;1022.4
2018-10-20;00:00:00;10.8;280;5.0;1023.8;10.1;253;2.8;1022.3;5.2;220;2.0;1022.3;11.0;248;9.6;1019.9;10.8;254;6.3;1022.3
2018-10-20;01:00:00;10.4;270;4.0;1023.5;10.0;241;1.8;1021.8;5.0;230;3.0;1022.1;11.2;251;9.7;1019.7;11.0;247;6.6;1021.6
2018-10-20;02:00:00;10.8;270;5.0;1023.2;10.7;236;3.2;1021.6;4.8;230;2.0;1021.8;10.3;261;8.4;1019.4;11.0;249;8.5;1021.6
2018-10-20;03:00:00;10.6;260;4.0;1023.0;10.5;254;4.0;1021.3;3.2;230;2.0;1021.9;10.3;249;5.9;1019.3;10.2;241;7.8;1021.2
2018-10-20;04:00:00;10.7;260;4.0;1023.2;10.3;229;3.3;1021.3;5.0;230;2.0;1021.7;10.6;275;5.7;1020.0;10.3;231;8.0;1021.3
2018-10-20;05:00:00;10.5;240;5.0;1023.3;10.0;208;2.4;1021.3;4.8;200;1.0;1021.8;10.6;292;4.8;1020.2;10.5;242;6.0;1021.2
2018-10-20;06:00:00;9.3;250;4.0;1023.5;10.0;204;2.0;1021.3;5.7;240;2.0;1021.9;10.6;303;6.0;1020.4;10.8;267;5.0;1021.2
2018-10-20;07:00:00;9.1;190;3.0;1023.4;10.6;255;2.6;1021.5;6.0;220;2.0;1022.1;10.6;320;5.2;1020.8;11.3;299;8.0;1021.5
2018-10-20;08:00:00;10.8;280;4.0;1023.6;11.3;278;1.5;1022.2;6.7;240;3.0;1022.3;10.8;303;5.7;1021.4;11.8;305;6.9;1022.1
2018-10-20;09:00:00;11.3;280;5.0;1024.0;12.2;286;2.5;1022.8;7.7;240;3.0;1022.5;10.9;329;5.1;1022.2;11.8;314;5.8;1022.8
2018-10-20;10:00:00;11.5;280;4.0;1024.3;13.1;319;2.2;1023.0;8.6;240;4.0;1022.6;10.9;350;4.7;1022.5;12.0;314;4.7;1023.1
2018-10-20;11:00:00;11.9;290;6.0;1024.3;12.9;270;2.7;1023.2;8.9;280;3.0;1022.8;10.9;347;4.7;1023.0;12.3;304;4.0;1023.6
2018-10-20;12:00:00;12.4;290;7.0;1024.6;13.3;286;2.0;1023.5;10.5;290;2.0;1022.8;10.6;332;3.7;1023.1;12.2;304;3.3;1023.6
2018-10-20;13:00:00;12.1;290;7.0;1024.7;13.3;259;2.5;1023.7;10.6;310;1.0;1022.9;10.7;324;3.2;1023.5;12.2;294;3.8;1024.0
2018-10-20;14:00:00;11.5;290;6.0;1024.9;13.4;259;2.8;1023.9;10.8;310;2.0;1022.9;10.8;292;3.8;1023.5;11.7;286;4.2;1024.0
2018-10-20;15:00:00;10.4;300;5.0;1025.2;12.0;274;2.9;1024.1;10.4;280;2.0;1023.2;10.7;277;4.3;1023.5;11.6;281;4.9;1024.2
2018-10-20;16:00:00;8.3;300;3.0;1025.4;10.7;261;1.3;1024.4;7.7;270;1.0;1023.8;10.8;276;4.9;1023.6;11.3;277;4.9;1024.3
2018-10-20;17:00:00;7.8;300;2.0;1025.7;10.1;258;1.5;1024.6;4.2;250;2.0;1024.5;11.2;260;3.7;1023.6;11.4;269;5.4;1024.6
2018-10-20;18:00:00;8.3;280;1.0;1026.0;8.9;263;0.5;1024.8;3.7;240;2.0;1024.8;11.2;242;3.4;1023.7;11.3;267;4.8;1024.8
2018-10-20;19:00:00;5.3;0;0.0;1026.3;8.2;0;0.0;1025.0;1.6;270;2.0;1025.5;11.5;239;6.0;1023.4;11.3;283;4.6;1025.0
2018-10-20;20:00:00;3.4;340;1.0;1026.6;8.5;0;0.0;1024.8;3.2;250;3.0;1025.4;11.7;220;6.2;1022.8;11.4;265;3.5;1024.7
2018-10-20;21:00:00;4.0;0;0.0;1026.5;8.3;0;0.0;1024.5;2.5;250;2.0;1025.4;12.0;222;8.3;1022.6;11.7;271;4.5;1024.5
2018-10-20;22:00:00;3.4;280;1.0;1026.4;7.8;9;0.5;1025.0;1.4;200;2.0;1025.2;11.8;247;8.9;1022.2;11.5;270;5.9;1024.8
2018-10-20;23:00:00;2.7;140;1.0;1026.4;9.2;178;1.2;1024.6;3.1;210;2.0;1025.0;11.9;241;8.9;1021.9;11.2;264;5.3;1024.4
2018-10-21;00:00:00;2.9;120;2.0;1026.3;9.4;183;0.9;1024.4;3.0;210;2.0;1024.8;11.8;252;11.2;1021.5;11.2;263;6.6;1024.2
2018-10-21;01:00:00;4.1;130;1.0;1026.4;10.2;201;2.2;1024.2;4.2;220;2.0;1024.8;11.6;248;11.7;1021.1;11.2;247;7.1;1024.1
2018-10-21;02:00:00;4.6;110;2.0;1026.6;10.3;210;1.4;1024.1;5.0;210;3.0;1024.4;11.8;240;11.5;1020.6;11.5;231;8.0;1023.8
2018-10-21;03:00:00;3.6;140;2.0;1026.6;10.2;181;1.6;1023.5;5.1;230;3.0;1024.4;11.9;223;11.5;1020.1;11.6;225;8.0;1023.4
2018-10-21;04:00:00;3.3;130;2.0;1026.0;11.2;213;2.7;1023.2;5.0;220;4.0;1023.7;12.1;228;13.2;1019.2;11.7;221;8.6;1023.1
2018-10-21;05:00:00;4.0;120;2.0;1026.0;11.3;209;3.5;1022.7;6.1;230;4.0;1023.3;12.1;223;11.8;1019.3;11.6;212;9.2;1022.5
2018-10-21;06:00:00;5.4;120;2.0;1025.9;11.7;199;3.0;1022.3;7.4;230;6.0;1022.7;12.2;227;12.5;1018.8;11.7;217;10.0;1022.2
2018-10-21;07:00:00;6.1;130;2.0;1026.0;12.1;208;3.4;1022.4;7.8;220;6.0;1022.9;12.4;225;10.2;1019.3;11.9;220;10.0;1022.1
2018-10-21;08:00:00;10.2;170;3.0;1025.8;12.2;205;3.0;1022.5;8.2;210;7.0;1022.6;12.5;222;12.0;1018.8;12.1;218;9.1;1022.2
2018-10-21;09:00:00;12.6;210;3.0;1025.6;12.4;201;3.8;1022.2;9.3;220;7.0;1022.3;12.5;223;13.8;1017.6;12.4;217;9.0;1021.9
2018-10-21;10:00:00;12.2;210;4.0;1025.2;12.7;208;4.1;1021.8;10.0;220;7.0;1021.9;12.5;229;15.3;1017.1;12.7;214;8.4;1021.3
2018-10-21;11:00:00;12.4;200;3.0;1024.8;12.7;207;3.7;1021.2;10.9;220;6.0;1021.2;12.5;227;14.0;1016.6;12.5;197;8.3;1020.6
2018-10-21;12:00:00;12.7;210;4.0;1024.4;12.7;198;4.3;1020.7;11.4;220;7.0;1020.5;12.3;231;15.6;1015.6;12.6;203;10.1;1020.0
2018-10-21;13:00:00;13.2;200;3.0;1023.7;13.0;194;3.8;1019.7;11.4;220;6.0;1020.1;12.4;231;15.5;1014.8;12.7;201;10.6;1019.2
2018-10-21;14:00:00;13.4;190;4.0;1023.0;13.1;201;4.8;1019.3;11.2;220;7.0;1019.4;12.7;228;16.7;1013.8;12.9;204;10.9;1018.6
2018-10-21;15:00:00;13.3;190;3.0;1022.4;13.6;201;4.3;1018.3;11.2;230;8.0;1018.7;12.7;225;16.8;1013.1;13.2;206;10.6;1017.7
2018-10-21;16:00:00;13.1;200;3.0;1022.1;13.6;202;4.6;1017.6;11.2;220;8.0;1018.0;12.3;218;15.5;1012.7;13.1;208;9.4;1017.2
2018-10-21;17:00:00;12.9;190;3.0;1021.8;13.9;205;4.9;1017.4;11.3;220;8.0;1017.5;12.6;217;15.3;1012.0;13.3;206;10.5;1016.7
2018-10-21;18:00:00;13.0;170;3.0;1021.4;13.9;208;4.1;1016.9;11.5;210;7.0;1017.1;12.7;220;15.4;1011.8;13.6;220;11.4;1016.6
2018-10-21;19:00:00;13.1;190;4.0;1021.1;14.1;213;4.5;1016.3;11.9;210;7.0;1016.5;12.8;237;17.3;1011.3;13.5;219;11.1;1016.1
2018-10-21;20:00:00;13.5;210;5.0;1020.7;13.5;215;4.7;1016.1;12.0;220;8.0;1015.7;12.8;235;14.4;1011.3;13.0;223;12.7;1015.8
2018-10-21;21:00:00;13.4;220;5.0;1020.4;13.3;229;5.6;1016.0;12.2;210;8.0;1015.1;13.0;256;14.1;1012.2;12.9;239;10.4;1016.1
2018-10-21;22:00:00;13.6;230;6.0;1020.0;13.1;252;7.0;1016.8;12.2;220;8.0;1014.8;12.8;272;14.8;1013.1;12.6;262;10.3;1016.9
2018-10-21;23:00:00;13.4;240;8.0;1019.6;12.3;257;6.7;1016.6;12.2;250;6.0;1014.8;12.4;267;14.5;1013.6;12.0;269;12.0;1017.1
2018-10-22;00:00:00;12.6;250;8.0;1019.4;11.5;260;5.5;1017.2;11.2;260;7.0;1014.9;11.9;260;15.7;1013.8;11.6;276;12.1;1017.5
2018-10-22;01:00:00;11.7;270;5.0;1019.8;11.3;263;6.5;1017.4;10.2;270;6.0;1015.6;11.6;264;15.7;1013.6;11.6;283;11.3;1017.7
2018-10-22;02:00:00;11.3;300;9.0;1019.9;11.2;259;5.3;1017.6;9.0;270;5.0;1016.0;11.4;271;14.8;1014.2;11.4;286;14.8;1017.6
2018-10-22;03:00:00;11.1;290;10.0;1020.1;10.6;272;4.4;1017.5;8.3;260;5.0;1016.2;11.0;268;16.6;1014.1;11.2;287;14.4;1017.9
2018-10-22;04:00:00;10.3;300;9.0;1020.6;10.7;268;5.8;1017.9;8.0;260;5.0;1016.3;10.6;271;17.5;1014.5;11.2;287;14.4;1018.2
2018-10-22;05:00:00;10.5;290;9.0;1020.7;10.5;264;7.1;1018.2;7.3;260;5.0;1016.4;10.2;279;15.3;1015.6;10.8;287;14.5;1018.7
2018-10-22;06:00:00;10.2;290;10.0;1021.2;10.0;269;5.9;1018.9;6.6;250;5.0;1017.1;10.1;277;15.9;1016.0;10.3;294;13.8;1019.2
2018-10-22;07:00:00;10.2;290;11.0;1021.7;10.2;287;5.6;1019.4;6.5;260;4.0;1017.6;10.0;273;15.1;1016.6;10.4;294;14.2;1019.8
2018-10-22;08:00:00;10.4;300;11.0;1022.2;10.4;278;5.5;1020.2;7.8;270;6.0;1017.8;9.8;271;15.2;1016.9;10.6;288;13.3;1020.2
2018-10-22;09:00:00;10.5;290;12.0;1022.6;10.8;274;8.4;1020.6;8.5;280;8.0;1018.2;9.9;268;15.3;1017.5;10.7;287;14.0;1020.7
2018-10-22;10:00:00;10.9;290;12.0;1023.0;11.1;268;7.6;1020.7;9.2;270;8.0;1018.4;9.7;268;14.5;1018.2;10.7;284;13.2;1021.0
2018-10-22;11:00:00;11.2;290;11.0;1023.3;11.3;277;6.7;1021.0;9.8;270;8.0;1018.2;10.3;270;13.1;1018.2;10.8;293;14.5;1021.2
2018-10-22;12:00:00;11.3;290;11.0;1023.3;11.3;272;6.3;1020.5;9.7;270;8.0;1018.3;10.6;262;14.5;1017.4;11.0;283;10.9;1020.7
2018-10-22;13:00:00;11.0;290;12.0;1023.3;11.4;274;7.5;1021.3;9.7;260;9.0;1018.2;10.9;259;14.4;1017.6;11.1;281;11.9;1021.4
2018-10-22;14:00:00;10.7;290;11.0;1023.6;11.2;263;7.2;1020.5;9.2;260;7.0;1018.5;11.0;259;13.2;1017.1;11.1;279;11.1;1020.8
2018-10-22;15:00:00;10.4;290;10.0;1023.1;10.7;256;6.7;1020.2;7.7;260;5.0;1018.3;11.1;260;12.9;1016.3;10.9;283;12.4;1020.2
2018-10-22;16:00:00;9.6;290;9.0;1023.2;10.5;260;4.7;1019.6;6.8;240;4.0;1018.3;10.9;257;14.1;1015.4;10.8;271;12.4;1019.6
2018-10-22;17:00:00;10.1;280;8.0;1022.4;10.5;259;5.8;1019.3;6.4;230;4.0;1017.6;10.4;258;17.7;1014.1;10.7;267;11.2;1019.0
2018-10-22;18:00:00;9.9;270;8.0;1022.1;10.5;256;7.4;1018.4;6.2;240;5.0;1017.2;10.4;260;20.6;1012.6;10.6;267;12.4;1018.3
2018-10-22;19:00:00;9.6;270;8.0;1021.4;10.4;252;6.4;1017.7;6.2;240;5.0;1016.1;10.7;244;16.0;1012.4;10.6;259;11.5;1017.7
2018-10-22;20:00:00;9.7;270;8.0;1020.6;10.4;241;6.4;1016.1;6.9;240;7.0;1014.9;10.5;235;20.7;1008.6;10.6;251;13.4;1015.9
2018-10-22;21:00:00;9.8;270;8.0;1019.4;9.6;232;7.5;1014.0;7.2;240;8.0;1013.2;10.8;235;18.0;1007.0;9.6;244;16.2;1014.1
2018-10-22;22:00:00;9.3;260;9.0;1017.4;9.0;228;6.1;1011.6;6.7;240;10.0;1011.7;11.1;242;19.2;1003.6;9.7;240;15.7;1011.5
2018-10-22;23:00:00;9.2;260;10.0;1015.4;9.4;226;6.6;1008.9;5.6;220;8.0;1009.2;11.4;237;20.9;1001.0;10.1;240;15.5;1008.7
2018-10-23;00:00:00;8.7;230;9.0;1012.8;9.8;232;7.3;1005.9;5.9;220;8.0;1006.0;11.5;246;20.2;998.2;10.7;247;16.3;1005.7
2018-10-23;01:00:00;8.4;230;8.0;1010.0;10.7;242;9.4;1003.2;6.3;220;9.0;1002.7;11.7;253;18.5;996.3;11.1;256;14.7;1003.4
2018-10-23;02:00:00;10.0;250;12.0;1007.3;11.6;249;8.8;1000.3;6.9;220;8.0;999.4;11.8;260;18.8;994.6;11.9;263;16.6;1000.6
2018-10-23;03:00:00;10.1;250;13.0;1005.0;11.9;257;10.1;998.5;8.1;230;8.0;996.6;12.1;271;15.7;994.2;12.0;269;17.3;998.8
2018-10-23;04:00:00;10.4;260;14.0;1002.8;12.0;260;9.9;997.5;8.6;250;8.0;994.9;12.2;277;18.4;993.5;12.1;270;17.2;997.4
2018-10-23;05:00:00;10.6;260;13.0;1001.1;12.0;266;8.1;996.9;8.9;270;7.0;993.9;11.8;278;15.9;993.3;12.0;275;16.2;996.8
2018-10-23;06:00:00;11.0;270;12.0;999.9;11.3;277;6.7;996.7;8.8;270;7.0;993.5;11.8;282;15.9;993.6;12.2;280;15.5;996.2
2018-10-23;07:00:00;11.0;280;12.0;999.2;11.4;286;6.3;996.6;8.9;280;8.0;992.8;11.7;286;15.2;993.8;12.1;293;16.2;996.6
2018-10-23;08:00:00;10.9;280;13.0;998.4;12.0;284;6.9;995.9;9.0;280;7.0;992.6;12.1;293;15.1;994.2;12.1;295;16.2;996.6
2018-10-23;09:00:00;11.4;290;15.0;998.1;12.5;288;8.4;995.9;9.8;290;7.0;993.0;12.1;294;14.3;994.3;12.2;294;16.2;996.4
2018-10-23;10:00:00;11.9;290;15.0;998.3;12.7;288;7.1;996.2;10.0;290;8.0;993.0;12.2;307;15.4;994.9;12.5;298;14.9;996.4
2018-10-23;11:00:00;12.3;280;14.0;997.7;13.0;293;8.2;996.2;9.9;300;8.0;993.2;12.3;303;12.7;995.2;12.4;301;16.1;996.5
2018-10-23;12:00:00;12.2;290;14.0;997.4;13.2;292;7.6;995.9;10.8;320;7.0;993.1;12.5;306;11.8;995.1;12.3;302;14.4;996.4
2018-10-23;13:00:00;12.4;290;14.0;997.0;13.4;289;7.4;995.9;10.9;320;6.0;993.1;12.7;301;11.0;995.1;12.5;299;12.6;996.6
2018-10-23;14:00:00;12.0;300;16.0;996.9;13.0;305;5.2;996.0;10.6;320;6.0;993.3;12.8;301;12.2;995.2;12.6;307;13.4;996.3
2018-10-23;15:00:00;11.4;300;14.0;997.2;12.1;298;4.0;996.2;9.2;320;3.0;993.8;12.7;315;14.1;994.9;12.5;308;12.9;996.3
2018-10-23;16:00:00;11.2;300;14.0;997.3;11.7;306;4.2;996.3;8.1;340;5.0;994.2;12.1;322;17.9;995.8;12.4;307;12.6;996.7
2018-10-23;17:00:00;11.1;300;13.0;997.9;11.8;311;7.1;996.8;5.8;300;5.0;995.6;11.1;320;21.2;996.3;12.4;331;18.1;997.2
2018-10-23;18:00:00;11.0;300;15.0;998.0;11.2;324;6.4;998.0;4.2;290;4.0;996.8;8.7;4;11.2;999.6;11.9;333;18.6;998.3
2018-10-23;19:00:00;8.6;350;11.0;999.2;8.3;7;3.5;1000.2;4.0;320;5.0;997.4;8.1;10;8.6;1001.2;9.4;20;12.9;1000.3
2018-10-23;20:00:00;9.6;330;9.0;999.7;7.6;341;3.7;1001.5;3.8;310;5.0;998.2;8.7;351;8.2;1001.9;8.9;360;9.8;1001.6
2018-10-23;21:00:00;8.8;360;10.0;1000.8;6.6;340;2.0;1002.7;3.8;320;6.0;999.0;9.1;332;11.4;1002.7;8.8;353;8.8;1002.7
2018-10-23;22:00:00;7.7;340;8.0;1002.2;5.7;301;1.3;1003.6;2.8;320;7.0;1000.3;8.8;333;12.5;1003.4;9.4;352;9.1;1003.5
2018-10-23;23:00:00;7.3;340;8.0;1003.4;4.9;19;0.8;1004.3;1.9;310;6.0;1001.4;8.5;324;13.3;1003.6;9.7;341;10.2;1004.1
2018-10-24;00:00:00;6.6;340;7.0;1004.3;3.9;0;0.0;1004.7;1.8;300;6.0;1002.0;8.4;338;13.2;1004.4;9.4;341;11.2;1004.6
2018-10-24;01:00:00;6.4;350;7.0;1004.8;3.1;0;0.0;1005.2;1.6;310;5.0;1002.9;8.3;336;11.6;1004.9;9.1;342;11.4;1005.1
2018-10-24;02:00:00;5.1;300;5.0;1005.2;2.5;0;0.0;1006.0;1.5;310;4.0;1003.4;8.0;343;11.9;1005.6;8.9;349;10.3;1005.6
2018-10-24;03:00:00;5.7;310;5.0;1006.1;2.6;12;1.1;1007.2;1.0;300;5.0;1004.4;8.1;337;11.7;1006.8;8.3;358;10.1;1007.1
2018-10-24;04:00:00;4.9;310;5.0;1007.1;2.4;0;0.0;1008.2;0.5;310;4.0;1005.3;7.9;343;10.3;1007.7;8.0;10;9.5;1007.8
2018-10-24;05:00:00;4.9;350;6.0;1008.0;3.0;0;0.0;1008.8;0.9;300;6.0;1006.0;7.9;337;9.6;1008.6;8.1;8;9.5;1008.6
2018-10-24;06:00:00;4.8;330;6.0;1008.9;3.2;359;0.5;1009.9;1.0;310;6.0;1006.9;7.8;340;8.7;1009.6;8.2;357;7.8;1009.8
2018-10-24;07:00:00;5.2;330;5.0;1009.7;3.1;0;0.0;1010.7;1.6;310;6.0;1007.9;7.8;329;9.4;1010.1;8.6;353;7.1;1010.7
2018-10-24;08:00:00;6.5;330;7.0;1010.6;6.4;0;0.0;1011.4;2.8;310;5.0;1008.8;8.0;330;8.7;1011.2;8.9;2;6.7;1011.4
2018-10-24;09:00:00;7.8;330;7.0;1011.8;7.6;333;2.7;1012.3;4.2;310;7.0;1009.4;8.2;319;7.4;1011.8;9.4;331;8.0;1012.2
2018-10-24;10:00:00;8.8;330;9.0;1012.7;9.5;310;3.2;1012.6;5.4;320;6.0;1009.7;8.3;299;7.0;1012.4;9.5;326;7.5;1012.7
2018-10-24;11:00:00;9.1;320;8.0;1013.1;10.1;312;3.8;1012.9;5.7;300;6.0;1010.7;8.4;307;5.0;1012.3;9.8;323;7.1;1013.1
2018-10-24;12:00:00;9.3;320;8.0;1013.2;10.4;303;3.7;1012.6;6.2;300;5.0;1010.9;8.9;289;4.5;1012.0;9.7;320;5.6;1012.8
2018-10-24;13:00:00;9.5;320;6.0;1013.2;10.1;303;3.9;1012.5;6.4;300;6.0;1010.6;9.3;278;5.2;1011.6;9.7;300;5.3;1012.8
2018-10-24;14:00:00;9.1;300;7.0;1013.3;9.7;287;4.8;1012.4;6.3;300;5.0;1010.7;8.9;257;6.7;1011.0;9.5;284;6.0;1012.5
2018-10-24;15:00:00;8.6;290;6.0;1013.2;9.3;265;3.8;1011.6;5.5;290;3.0;1010.7;8.9;254;8.7;1010.2;9.5;269;6.0;1011.7
2018-10-24;16:00:00;8.5;280;5.0;1012.9;8.8;261;2.5;1011.1;2.9;200;2.0;1010.5;9.2;262;8.3;1009.4;9.2;272;6.4;1011.1
2018-10-24;17:00:00;8.4;280;5.0;1012.4;8.7;252;2.7;1010.4;4.3;260;3.0;1009.9;9.3;245;9.4;1008.5;9.1;271;6.3;1010.7
2018-10-24;18:00:00;8.6;280;6.0;1011.7;8.5;257;3.1;1009.4;4.1;250;3.0;1009.3;9.4;273;9.0;1006.9;9.2;265;6.2;1009.8
2018-10-24;19:00:00;8.7;280;7.0;1010.9;8.6;254;2.7;1008.1;3.3;230;3.0;1008.2;9.5;270;8.4;1006.3;9.7;282;9.2;1008.4
2018-10-24;20:00:00;8.8;290;8.0;1009.9;9.2;258;4.5;1007.2;1.3;220;3.0;1007.9;9.7;267;11.1;1004.5;10.1;284;10.9;1007.2
2018-10-24;21:00:00;9.3;270;7.0;1009.1;9.7;256;4.0;1005.6;2.1;210;3.0;1006.3;10.1;262;11.8;1003.3;10.3;275;9.7;1005.9
2018-10-24;22:00:00;9.4;270;6.0;1007.6;9.8;254;5.8;1004.6;2.9;210;4.0;1004.8;10.2;255;12.4;1001.7;10.5;263;7.7;1004.5
2018-10-24;23:00:00;10.1;270;7.0;1006.2;10.1;258;3.5;1002.9;3.7;220;3.0;1003.3;10.8;260;13.9;1000.1;11.4;285;12.0;1002.9
2018-10-25;00:00:00;10.3;260;9.0;1004.8;10.9;264;4.1;1001.6;3.7;210;4.0;1001.4;11.2;257;14.1;998.7;11.6;281;11.6;1001.2
2018-10-25;01:00:00;10.5;280;9.0;1003.3;11.0;267;4.7;1000.3;3.8;220;3.0;999.9;11.5;259;13.0;998.3;11.5;275;11.7;1000.5
2018-10-25;02:00:00;11.0;280;11.0;1002.2;11.4;266;6.8;999.7;4.6;240;2.0;998.9;11.6;259;11.3;997.7;11.5;274;11.7;999.9
2018-10-25;03:00:00;11.0;280;12.0;1001.6;11.1;266;4.3;999.1;5.9;260;2.0;997.9;11.6;272;13.0;997.3;11.4;279;11.8;999.4
2018-10-25;04:00:00;10.8;280;12.0;1001.2;11.1;275;5.4;998.9;7.6;280;5.0;996.9;11.6;275;11.5;997.4;11.4;287;13.7;999.0
2018-10-25;05:00:00;11.0;290;14.0;1000.8;10.9;280;4.2;998.8;7.9;280;6.0;996.6;11.6;281;11.7;997.5;11.4;291;14.7;999.0
2018-10-25;06:00:00;10.6;290;14.0;1000.4;10.9;290;4.9;999.1;7.9;280;6.0;996.4;11.3;271;10.8;997.8;11.2;294;14.5;999.3
2018-10-25;07:00:00;10.5;300;12.0;1000.5;10.7;285;5.3;999.5;7.7;290;5.0;996.7;11.4;271;11.5;997.6;11.0;293;14.4;999.4
2018-10-25;08:00:00;10.7;300;13.0;1000.7;11.3;285;6.0;999.7;8.9;290;6.0;996.9;11.6;274;11.1;997.9;11.4;292;14.6;999.7
2018-10-25;09:00:00;11.0;300;14.0;1001.1;11.8;288;7.1;1000.0;9.9;300;5.0;997.5;11.8;274;11.2;998.5;11.4;289;14.7;1000.2
2018-10-25;10:00:00;11.5;300;13.0;1001.5;12.2;283;6.5;1000.3;10.0;310;4.0;998.1;11.8;287;10.8;999.0;11.6;292;13.6;1000.5
2018-10-25;11:00:00;11.8;310;12.0;1001.7;12.5;295;5.7;1000.5;10.7;310;5.0;998.0;12.0;290;10.0;999.6;11.7;295;14.3;1000.5
2018-10-25;12:00:00;11.3;300;11.0;1001.9;12.4;285;6.3;1000.9;10.9;310;4.0;998.4;12.0;298;8.4;1000.3;11.8;297;13.4;1001.0
2018-10-25;13:00:00;11.4;300;13.0;1001.9;12.5;296;7.0;1001.1;10.6;320;6.0;998.8;11.2;3;7.0;1000.8;11.7;301;14.0;1001.2
2018-10-25;14:00:00;11.0;300;11.0;1002.2;12.4;303;5.3;1001.0;10.2;330;5.0;999.3;9.5;22;10.2;1001.7;11.8;302;12.0;1001.3
2018-10-25;15:00:00;10.9;300;11.0;1002.4;11.9;315;3.5;1001.5;8.7;320;4.0;1000.1;9.0;19;8.7;1001.9;11.7;310;9.0;1001.6
2018-10-25;16:00:00;10.5;300;9.0;1002.9;10.7;287;1.4;1002.0;5.3;30;4.0;1001.3;8.8;22;7.3;1002.3;11.6;318;7.5;1002.0
2018-10-25;17:00:00;10.1;300;8.0;1003.5;8.8;0;0.0;1002.5;3.0;360;4.0;1002.4;8.4;23;7.2;1002.9;10.3;35;5.2;1002.6
2018-10-25;18:00:00;10.4;290;8.0;1003.8;7.0;0;0.0;1003.2;1.6;320;2.0;1003.3;8.3;20;5.9;1003.2;9.6;34;3.3;1003.0
2018-10-25;19:00:00;10.1;290;7.0;1004.2;7.0;36;0.6;1003.2;1.2;340;3.0;1003.5;8.3;5;4.1;1003.3;8.9;35;3.1;1003.2
2018-10-25;20:00:00;9.3;290;6.0;1004.1;5.8;36;0.9;1003.5;-1.0;230;1.0;1003.8;8.1;19;3.1;1003.4;8.5;42;1.5;1003.3
2018-10-25;21:00:00;10.1;290;6.0;1004.3;4.5;0;0.0;1003.8;-1.5;0;0.0;1004.0;8.1;76;1.3;1003.3;8.0;29;3.0;1003.5
2018-10-25;22:00:00;9.8;280;6.0;1004.3;3.6;0;0.0;1003.8;-2.5;270;1.0;1004.4;7.8;121;1.7;1003.4;8.0;101;2.5;1003.5
2018-10-25;23:00:00;9.9;290;6.0;1004.3;4.0;41;0.7;1003.9;-3.7;220;1.0;1004.3;7.6;138;3.7;1003.4;7.9;119;3.2;1003.8
2018-10-26;00:00:00;9.6;280;7.0;1004.2;4.2;37;0.9;1003.7;-2.8;270;1.0;1004.3;8.0;161;4.2;1003.2;8.0;133;3.3;1003.4
2018-10-26;01:00:00;9.5;280;6.0;1004.0;4.2;38;0.9;1003.6;-0.3;230;1.0;1004.3;8.5;176;4.1;1002.8;8.2;130;2.9;1003.1
2018-10-26;02:00:00;9.3;280;6.0;1003.7;4.1;35;1.0;1003.1;-0.2;280;1.0;1003.8;8.4;161;5.2;1001.9;8.0;132;3.0;1002.6
2018-10-26;03:00:00;9.2;280;5.0;1003.5;4.3;42;0.6;1002.4;-0.1;0;0.0;1003.4;8.2;139;5.3;1001.7;8.1;135;3.9;1002.0
2018-10-26;04:00:00;8.5;280;5.0;1003.0;4.3;357;0.6;1002.3;-0.3;0;0.0;1003.2;7.6;144;5.1;1001.7;8.2;140;4.5;1001.4
2018-10-26;05:00:00;8.8;270;4.0;1002.8;4.9;37;0.9;1001.5;-0.4;0;0.0;1002.9;6.8;100;6.4;1000.4;8.0;137;5.2;1000.9
2018-10-26;06:00:00;7.7;270;3.0;1002.6;4.7;33;0.7;1001.3;-0.1;130;1.0;1002.6;7.0;105;6.6;1000.7;7.3;107;3.8;1000.7
2018-10-26;07:00:00;8.4;270;2.0;1002.3;4.5;34;0.9;1001.2;0.0;230;2.0;1002.8;7.7;108;7.0;1000.5;8.2;231;4.9;1000.2
2018-10-26;08:00:00;7.7;190;3.0;1002.1;4.4;61;0.7;1001.0;1.1;0;0.0;1002.6;7.2;129;8.2;1000.5;8.6;105;1.0;1000.1
2018-10-26;09:00:00;7.5;160;2.0;1001.7;4.2;72;3.4;1000.6;1.6;210;1.0;1002.7;6.2;124;8.3;1000.7;7.2;122;6.4;999.7
2018-10-26;10:00:00;7.2;150;3.0;1000.8;4.8;65;2.4;1000.6;2.6;0;0.0;1002.5;6.3;117;8.9;1000.3;6.1;93;6.0;999.7
2018-10-26;11:00:00;7.5;130;5.0;999.3;4.6;82;3.2;1000.0;3.3;150;2.0;1001.9;6.0;107;7.6;1000.0;5.6;91;7.9;999.0
2018-10-26;12:00:00;7.4;100;3.0;998.2;3.8;70;3.3;999.3;3.7;80;2.0;1001.2;5.7;89;7.2;999.6;5.0;96;9.3;998.1
2018-10-26;13:00:00;7.8;120;4.0;996.9;3.8;75;3.3;998.5;3.2;100;3.0;1000.4;6.2;82;8.2;999.1;4.6;93;8.7;997.4
2018-10-26;14:00:00;9.0;110;2.0;996.1;3.8;69;3.5;997.8;2.7;110;4.0;1000.3;6.0;57;8.4;999.0;4.2;84;9.5;996.6
2018-10-26;15:00:00;9.8;180;3.0;995.4;3.4;72;3.7;997.2;1.0;90;4.0;999.9;5.8;55;10.4;998.6;4.4;76;9.7;996.1
2018-10-26;16:00:00;9.9;200;4.0;994.8;3.2;60;3.4;996.9;1.1;80;4.0;999.5;5.6;60;12.2;998.1;4.1;81;12.2;995.4
2018-10-26;17:00:00;9.9;210;4.0;994.5;3.0;64;4.4;996.4;1.2;70;5.0;999.0;4.9;51;13.3;998.2;4.1;82;11.3;995.1
2018-10-26;18:00:00;9.9;220;4.0;994.5;2.9;62;4.7;996.1;1.1;70;4.0;998.7;5.0;58;13.5;998.6;4.1;78;11.3;995.0
2018-10-26;19:00:00;9.6;220;5.0;994.0;2.8;63;4.0;995.9;1.5;60;5.0;998.2;4.8;54;13.0;998.5;4.0;74;12.2;994.9
2018-10-26;20:00:00;9.0;220;3.0;993.3;2.8;48;5.2;995.5;0.8;60;4.0;997.7;4.5;58;13.7;998.1;3.7;61;12.9;994.6
2018-10-26;21:00:00;8.0;200;3.0;993.3;3.0;53;5.4;995.4;0.4;40;4.0;997.3;4.0;58;14.1;998.6;4.1;64;13.3;994.3
2018-10-26;22:00:00;6.7;180;3.0;992.6;3.1;52;5.3;995.1;0.5;40;5.0;997.0;3.6;46;13.1;998.9;4.3;57;14.5;994.0
2018-10-26;23:00:00;6.9;180;4.0;992.0;3.2;45;4.8;995.2;0.5;40;5.0;996.5;4.0;48;13.2;999.1;4.1;52;14.3;994.2
2018-10-27;00:00:00;6.6;160;4.0;991.4;3.1;35;5.8;995.3;0.6;30;6.0;996.5;3.3;41;12.8;999.4;3.7;42;13.3;994.4
2018-10-27;01:00:00;7.1;170;4.0;990.9;2.8;37;6.3;995.9;0.6;30;7.0;996.5;3.2;39;12.4;999.8;3.7;42;15.2;994.9
2018-10-27;02:00:00;6.7;170;4.0;990.5;2.4;34;5.0;996.6;0.4;30;8.0;996.7;2.9;45;13.6;1000.7;3.1;37;15.1;995.8
2018-10-27;03:00:00;6.2;190;3.0;990.5;2.4;29;6.2;997.5;0.2;30;8.0;997.0;2.5;40;12.2;1001.5;2.7;38;15.7;996.9
2018-10-27;04:00:00;5.8;150;2.0;990.4;2.3;34;4.3;998.2;0.2;40;8.0;997.6;2.3;31;11.4;1001.8;2.8;35;14.3;997.8
2018-10-27;05:00:00;2.7;40;8.0;991.7;2.2;30;5.7;999.1;0.1;30;8.0;997.9;1.8;20;14.0;1002.4;3.3;35;13.8;998.9
2018-10-27;06:00:00;1.5;40;9.0;993.1;2.4;23;3.9;1000.2;0.0;40;8.0;998.9;2.1;24;14.8;1002.9;3.8;34;12.9;1000.0
2018-10-27;07:00:00;1.7;40;9.0;995.0;2.6;20;3.5;1001.4;0.2;30;7.0;999.5;1.7;26;14.0;1004.3;3.8;25;12.3;1001.2
2018-10-27;08:00:00;1.7;30;7.0;997.3;3.0;34;4.1;1002.8;0.1;30;6.0;1000.6;1.7;21;12.8;1005.3;3.1;18;11.0;1002.7
2018-10-27;09:00:00;1.7;30;8.0;998.9;3.4;26;3.5;1003.7;0.5;30;7.0;1001.5;1.8;27;11.5;1006.6;2.7;19;11.1;1004.1
2018-10-27;10:00:00;2.5;20;8.0;1000.7;2.6;353;4.3;1005.1;1.0;30;8.0;1002.5;2.4;21;11.7;1007.4;2.9;24;11.4;1005.2
2018-10-27;11:00:00;3.3;20;8.0;1002.4;1.7;351;3.4;1006.4;0.9;360;7.0;1003.6;2.7;23;10.7;1008.3;3.1;25;10.2;1006.5
2018-10-27;12:00:00;3.3;10;6.0;1004.0;1.9;13;2.5;1007.5;0.7;350;6.0;1004.7;2.6;23;11.2;1009.2;3.9;18;11.1;1007.2
2018-10-27;13:00:00;3.1;10;5.0;1005.4;3.2;7;2.5;1008.2;0.8;350;7.0;1005.7;3.2;19;10.8;1009.6;4.0;24;9.1;1008.3
2018-10-27;14:00:00;3.4;360;6.0;1006.5;3.0;351;3.5;1009.3;1.0;350;7.0;1006.7;3.6;20;10.4;1010.8;4.3;22;9.2;1009.3
2018-10-27;15:00:00;3.3;350;6.0;1008.1;3.3;349;3.2;1010.4;0.8;360;4.0;1008.0;3.9;15;10.0;1011.7;4.6;21;8.5;1010.3
2018-10-27;16:00:00;3.1;360;5.0;1009.4;2.0;7;2.6;1011.7;0.3;10;4.0;1009.4;4.1;20;11.6;1012.5;4.4;14;9.5;1011.4
2018-10-27;17:00:00;3.1;360;4.0;1010.9;1.9;13;2.0;1013.0;0.1;10;4.0;1010.6;3.8;22;11.4;1013.7;4.1;25;11.0;1012.5
2018-10-27;18:00:00;3.1;360;4.0;1011.7;1.2;360;0.9;1013.8;-0.2;10;3.0;1011.6;3.7;24;11.1;1014.6;3.6;31;7.6;1013.7
2018-10-27;19:00:00;2.8;10;6.0;1012.5;1.1;38;1.4;1015.0;0.4;360;7.0;1012.6;3.8;29;12.2;1015.6;3.4;29;11.0;1014.4
2018-10-27;20:00:00;2.2;20;6.0;1013.2;0.8;343;2.1;1015.5;-0.2;360;5.0;1014.0;3.5;32;11.2;1016.3;2.8;33;8.0;1015.3
2018-10-27;21:00:00;2.4;20;5.0;1014.2;0.7;3;0.8;1016.3;-0.3;350;5.0;1014.8;3.4;38;11.2;1017.0;2.1;24;9.3;1016.1
2018-10-27;22:00:00;1.9;190;1.0;1015.2;1.0;353;3.0;1017.3;-0.3;360;4.0;1015.6;3.1;34;11.9;1017.8;2.1;22;9.1;1017.1
2018-10-27;23:00:00;2.0;40;2.0;1016.1;0.8;6;1.1;1017.9;-0.3;10;4.0;1016.5;2.5;30;13.3;1018.5;2.0;21;8.9;1017.8
2018-10-28;00:00:00;1.8;360;1.0;1016.8;0.4;17;1.5;1018.7;-0.7;350;3.0;1017.4;2.3;29;12.5;1019.2;2.0;19;8.2;1018.6
2018-10-28;01:00:00;1.5;0;0.0;1017.5;0.8;12;2.4;1019.4;-0.8;360;5.0;1018.1;2.1;41;12.1;1020.3;2.0;23;9.0;1019.2
2018-10-28;02:00:00;1.0;30;3.0;1017.8;0.5;61;1.0;1020.1;-0.5;360;5.0;1018.8;1.7;38;11.1;1020.8;2.1;38;11.0;1019.7
2018-10-28;03:00:00;0.6;20;3.0;1018.3;0.2;53;0.8;1020.8;-0.2;360;5.0;1019.4;1.6;27;12.1;1021.6;2.0;30;9.2;1020.5
2018-10-28;04:00:00;0.6;10;2.0;1019.0;0.7;40;2.1;1021.3;0.6;30;6.0;1020.1;1.4;40;11.9;1022.5;2.0;39;10.1;1021.1
2018-10-28;05:00:00;0.8;30;4.0;1019.5;0.7;41;1.3;1021.9;0.3;40;6.0;1020.9;1.4;46;13.6;1022.9;2.3;36;9.6;1021.4
2018-10-28;06:00:00;0.9;100;1.0;1020.3;0.1;46;1.7;1022.7;0.1;30;5.0;1021.7;1.0;43;10.7;1024.0;2.1;40;10.1;1022.2
2018-10-28;07:00:00;1.2;50;3.0;1021.0;-0.5;8;1.0;1023.7;0.0;30;4.0;1022.6;1.1;44;10.9;1024.9;1.8;42;8.6;1023.4
2018-10-28;08:00:00;1.5;50;4.0;1022.0;0.5;358;1.7;1024.4;-0.1;50;5.0;1023.5;1.3;45;11.3;1025.6;1.8;41;8.3;1024.1
2018-10-28;09:00:00;2.1;60;6.0;1022.2;1.8;20;1.6;1025.1;0.0;50;4.0;1024.3;1.6;49;9.5;1026.1;2.5;44;9.1;1024.8
2018-10-28;10:00:00;3.0;50;5.0;1022.3;2.2;23;2.4;1025.6;0.2;60;6.0;1024.7;2.1;48;8.3;1026.8;2.5;42;9.3;1025.3
2018-10-28;11:00:00;3.3;40;5.0;1022.5;3.1;41;3.0;1025.5;0.3;40;5.0;1024.6;2.6;60;6.2;1026.9;3.0;41;8.2;1025.2
2018-10-28;12:00:00;3.7;40;5.0;1022.8;2.8;24;1.8;1025.9;1.2;40;4.0;1025.1;2.9;66;5.9;1027.3;3.1;37;7.4;1025.7
2018-10-28;13:00:00;3.9;50;5.0;1022.8;3.5;31;3.3;1025.8;1.5;40;4.0;1025.6;3.0;47;4.6;1027.4;3.1;34;7.7;1025.5
2018-10-28;14:00:00;3.7;60;5.0;1023.1;3.4;27;2.5;1026.0;1.1;50;4.0;1025.8;3.1;49;6.0;1027.4;3.3;35;7.3;1025.9
2018-10-28;15:00:00;3.3;60;4.0;1023.3;3.1;25;2.3;1026.4;1.1;40;5.0;1026.2;3.2;47;5.4;1027.7;3.0;33;8.7;1026.2
2018-10-28;16:00:00;2.5;60;4.0;1023.6;2.2;36;1.4;1026.7;0.8;40;4.0;1026.3;3.3;67;7.7;1027.9;2.8;36;8.7;1026.4
2018-10-28;17:00:00;2.1;60;6.0;1023.8;1.2;48;1.3;1026.9;0.5;60;4.0;1026.9;3.0;45;8.6;1028.1;2.8;41;8.5;1026.4
2018-10-28;18:00:00;1.4;60;5.0;1024.1;1.0;34;1.2;1027.4;0.2;40;5.0;1027.3;3.1;46;9.8;1028.0;2.6;51;8.0;1027.1
2018-10-28;19:00:00;0.8;60;4.0;1024.2;1.4;47;3.6;1027.6;-0.2;50;4.0;1027.5;3.0;58;10.4;1028.5;2.5;55;7.9;1027.1
2018-10-28;20:00:00;0.8;60;6.0;1024.5;1.1;51;2.9;1027.8;-0.6;60;5.0;1027.9;2.6;51;7.5;1029.0;2.1;58;8.2;1027.4
2018-10-28;21:00:00;0.9;60;6.0;1024.2;0.4;60;1.8;1027.9;-1.0;60;4.0;1028.2;2.4;57;9.3;1028.7;1.6;56;6.9;1027.6
2018-10-28;22:00:00;0.7;70;6.0;1024.0;0.5;51;3.4;1028.0;-0.9;40;5.0;1027.8;2.1;56;7.6;1029.1;1.6;59;7.6;1027.4
2018-10-28;23:00:00;0.5;60;6.0;1023.3;0.4;48;2.3;1027.5;-1.1;40;5.0;1027.6;2.2;65;9.2;1028.6;1.5;59;9.0;1027.1
2018-10-29;00:00:00;0.3;60;9.0;1022.8;0.5;44;3.3;1027.3;-1.2;40;4.0;1027.5;1.8;56;7.9;1028.7;1.4;57;8.7;1026.8
2018-10-29;01:00:00;0.4;60;8.0;1022.6;0.3;49;3.2;1026.9;-1.8;20;5.0;1027.1;1.6;52;8.8;1028.7;1.4;57;10.0;1026.3
2018-10-29;02:00:00;0.9;60;7.0;1022.2;0.2;49;4.1;1026.3;-1.7;20;4.0;1026.8;1.5;52;8.9;1028.2;1.2;53;9.2;1025.8
2018-10-29;03:00:00;0.8;60;7.0;1021.8;-0.3;52;3.4;1026.0;-0.6;60;3.0;1026.5;1.1;48;10.2;1027.4;1.0;60;9.1;1025.4
2018-10-29;04:00:00;1.3;60;6.0;1021.7;-0.1;51;3.3;1026.1;-0.6;50;3.0;1026.0;1.0;56;9.8;1027.3;1.4;64;9.8;1025.2
2018-10-29;05:00:00;1.7;70;7.0;1021.7;0.1;48;3.6;1025.6;-0.7;70;5.0;1026.2;1.1;54;11.1;1026.8;1.5;65;9.5;1024.9
2018-10-29;06:00:00;2.1;70;7.0;1021.1;0.0;48;3.5;1025.2;-0.5;50;4.0;1026.1;0.9;58;11.1;1026.4;1.7;63;10.6;1024.4
2018-10-29;07:00:00;2.8;70;8.0;1020.5;0.1;53;3.3;1025.1;0.0;50;3.0;1025.8;0.8;60;11.3;1026.2;1.4;75;10.1;1024.2
2018-10-29;08:00:00;3.3;80;7.0;1020.7;0.8;47;3.6;1024.5;0.3;50;4.0;1025.1;1.5;63;11.2;1026.0;2.0;68;10.2;1023.8
2018-10-29;09:00:00;4.2;70;7.0;1019.7;1.8;55;2.9;1024.4;1.0;60;4.0;1025.1;2.0;67;12.0;1025.6;2.7;74;8.3;1023.5
2018-10-29;10:00:00;4.8;90;10.0;1019.5;3.0;49;4.1;1023.6;1.5;60;4.0;1024.4;1.9;67;12.6;1024.3;3.6;73;8.5;1022.5
2018-10-29;11:00:00;5.2;90;10.0;1018.6;4.0;63;4.3;1022.8;1.1;40;5.0;1024.0;2.8;70;11.9;1023.8;4.1;78;9.4;1022.2
2018-10-29;12:00:00;5.4;90;9.0;1017.8;4.3;69;4.4;1022.0;1.4;50;5.0;1023.3;3.1;76;12.8;1022.6;4.6;80;9.1;1021.2
2018-10-29;13:00:00;5.1;80;11.0;1016.1;4.3;64;4.3;1020.8;1.7;60;6.0;1022.3;3.4;66;12.8;1022.3;4.6;79;8.9;1020.3
2018-10-29;14:00:00;4.9;90;11.0;1015.8;4.3;61;4.5;1020.3;0.7;70;5.0;1021.2;3.5;61;10.2;1022.1;4.7;82;9.0;1019.7
2018-10-29;15:00:00;4.6;80;10.0;1015.5;4.3;67;5.0;1019.5;1.6;70;5.0;1021.1;4.2;77;11.2;1021.2;4.6;76;10.6;1018.6
2018-10-29;16:00:00;4.4;70;9.0;1014.8;4.2;67;4.8;1019.1;1.3;70;5.0;1020.7;4.5;76;11.6;1020.6;4.5;83;10.0;1018.6
2018-10-29;17:00:00;4.3;80;10.0;1013.8;4.2;67;4.8;1018.8;1.3;60;6.0;1019.8;4.4;70;13.0;1020.0;4.7;82;9.1;1018.2
2018-10-29;18:00:00;4.0;80;9.0;1013.0;3.9;58;4.1;1018.0;1.4;60;5.0;1018.9;4.4;66;10.6;1020.0;4.6;73;10.8;1017.3
2018-10-29;19:00:00;4.1;80;9.0;1011.5;3.1;58;4.5;1017.4;1.4;40;5.0;1018.1;4.4;77;12.9;1018.2;3.8;76;11.7;1016.4
2018-10-29;20:00:00;4.4;70;8.0;1010.3;2.3;46;4.2;1015.8;1.6;60;5.0;1016.9;4.3;78;12.6;1017.0;3.0;62;12.1;1015.1
2018-10-29;21:00:00;4.9;80;8.0;1009.7;2.2;46;4.9;1014.4;1.5;50;4.0;1016.1;3.4;76;14.1;1015.7;2.7;54;10.7;1013.8
2018-10-29;22:00:00;5.2;90;9.0;1008.5;2.6;48;4.3;1013.6;1.5;50;5.0;1014.4;3.0;74;15.5;1014.8;3.0;54;10.5;1013.1
2018-10-29;23:00:00;5.4;90;9.0;1006.8;2.6;48;3.6;1012.7;1.7;50;4.0;1013.6;2.7;69;13.7;1015.1;3.1;54;10.4;1012.2
2018-10-30;00:00:00;5.4;80;10.0;1005.8;2.8;33;3.0;1011.3;2.5;80;5.0;1012.8;2.2;49;11.1;1014.4;3.3;57;10.0;1010.7
2018-10-30;01:00:00;5.4;80;9.0;1004.2;2.5;46;3.0;1010.6;2.5;90;5.0;1011.6;2.3;52;11.0;1013.1;3.4;57;9.8;1009.9
2018-10-30;02:00:00;5.6;80;9.0;1003.2;2.6;46;2.3;1009.0;2.4;80;5.0;1010.4;2.8;57;11.7;1011.6;2.9;53;10.7;1008.2
2018-10-30;03:00:00;5.9;80;10.0;1001.0;2.8;36;2.9;1007.2;2.5;70;6.0;1009.2;3.0;58;13.3;1010.2;3.0;48;10.7;1006.4
2018-10-30;04:00:00;6.4;80;11.0;1000.2;3.5;42;2.9;1005.5;2.5;70;5.0;1007.8;2.8;54;13.1;1008.1;3.6;53;10.0;1004.9
2018-10-30;05:00:00;6.6;90;10.0;999.2;4.1;51;3.9;1004.7;2.8;80;6.0;1006.7;3.1;58;13.8;1006.9;4.4;64;10.2;1003.9
2018-10-30;06:00:00;7.1;90;9.0;997.9;4.3;49;3.4;1003.8;2.9;80;4.0;1005.7;3.2;50;13.0;1006.4;4.9;66;9.6;1003.1
2018-10-30;07:00:00;7.7;90;10.0;996.6;4.4;44;4.5;1002.6;3.1;70;5.0;1004.9;3.1;46;12.2;1005.7;5.1;58;11.2;1001.7
2018-10-30;08:00:00;8.4;90;11.0;996.0;4.7;48;4.0;1001.2;3.5;70;5.0;1003.6;3.5;45;12.2;1004.0;5.1;56;10.7;1000.4
2018-10-30;09:00:00;9.2;90;10.0;995.2;5.3;50;4.2;1000.0;4.3;80;4.0;1002.4;3.6;45;12.6;1002.7;5.5;62;9.5;999.4
2018-10-30;10:00:00;10.3;100;9.0;994.0;5.7;51;3.8;998.8;5.1;90;4.0;1001.8;4.3;49;12.5;1002.1;6.1;65;9.3;997.8
2018-10-30;11:00:00;11.3;100;9.0;993.4;6.4;51;3.4;997.3;6.0;90;4.0;1000.7;3.9;47;14.5;1000.3;6.7;65;9.8;996.2
